signal_id,ehtimollik
SG_000001,0.137165
SG_000007,0.525346
SG_000009,0.119915
SG_000010,0.590284
SG_000011,0.472038
SG_000018,0.740582
SG_000024,0.889155
SG_000026,0.566246
SG_000032,0.468199
SG_000033,0.877914
SG_000034,0.013856
SG_000036,0.619776
SG_000039,0.115408
SG_000048,0.118914
SG_000049,0.661065
SG_000050,0.921318
SG_000053,0.098826
SG_000054,0.480496
SG_000055,0.452618
SG_000058,0.735018
SG_000059,0.360247
SG_000061,0.336208
SG_000062,0.846475
SG_000072,0.263313
SG_000073,0.537867
SG_000075,0.364754
SG_000080,0.623894
SG_000081,0.442769
SG_000083,0.15052
SG_000086,0.168215
SG_000087,0.84603
SG_000092,0.638195
SG_000099,0.453341
SG_000100,0.285404
SG_000105,0.185632
SG_000106,0.66279
SG_000107,0.061544
SG_000118,0.558678
SG_000120,0.553725
SG_000125,0.35318
SG_000129,0.241055
SG_000137,0.094708
SG_000146,0.156419
SG_000147,0.908352
SG_000149,0.530577
SG_000153,0.789494
SG_000161,0.37644
SG_000163,0.295699
SG_000165,0.897279
SG_000173,0.171832
SG_000178,0.41617
SG_000179,0.063046
SG_000187,0.905626
SG_000192,0.022648
SG_000193,0.728173
SG_000195,0.517779
SG_000196,0.568583
SG_000201,0.242224
SG_000203,0.50537
SG_000205,0.982917
SG_000207,0.733738
SG_000211,0.358021
SG_000214,0.109232
SG_000217,0.089978
SG_000218,0.977297
SG_000219,0.641422
SG_000227,0.16254
SG_000229,0.254299
SG_000232,0.800178
SG_000240,0.010628
SG_000242,0.951978
SG_000244,0.240387
SG_000246,0.580713
SG_000250,0.065049
SG_000253,0.604808
SG_000262,0.488954
SG_000269,0.947304
SG_000270,0.499416
SG_000271,0.991375
SG_000284,0.928162
SG_000286,0.449112
SG_000287,0.587001
SG_000290,0.953202
SG_000291,0.67787
SG_000301,0.498247
SG_000302,0.817484
SG_000304,0.034834
SG_000306,0.780201
SG_000309,0.196706
SG_000314,0.441656
SG_000319,0.823994
SG_000320,0.164765
SG_000321,0.183184
SG_000325,0.945969
SG_000328,0.08063
SG_000329,0.196372
SG_000333,0.245841
SG_000334,0.66663
SG_000335,0.720939
SG_000339,0.016026
SG_000341,0.110456
SG_000345,0.922208
SG_000347,0.22425
SG_000349,0.397418
SG_000350,0.531579
SG_000351,0.061766
SG_000357,0.245674
SG_000360,0.584219
SG_000366,0.959323
SG_000368,0.535529
SG_000370,0.496411
SG_000378,0.328251
SG_000386,0.28201
SG_000394,0.767014
SG_000395,0.50843
SG_000397,0.915753
SG_000398,0.279673
SG_000401,0.531245
SG_000402,0.261143
SG_000414,0.925268
SG_000415,0.695899
SG_000419,0.933393
SG_000420,0.460575
SG_000422,0.97151
SG_000425,0.755773
SG_000430,0.098937
SG_000431,0.033276
SG_000435,0.006733
SG_000436,0.470258
SG_000440,0.819654
SG_000444,0.046909
SG_000450,0.371098
SG_000452,0.29837
SG_000454,0.740582
SG_000460,0.146848
SG_000462,0.196428
SG_000471,0.808747
SG_000474,0.906293
SG_000475,0.568416
SG_000476,0.671972
SG_000480,0.911635
SG_000482,0.958489
SG_000484,0.950476
SG_000487,0.438484
SG_000488,0.524623
SG_000494,0.631684
SG_000496,0.745034
SG_000497,0.010072
SG_000498,0.061877
SG_000501,0.549385
SG_000506,0.774971
SG_000511,0.282288
SG_000513,0.501864
SG_000524,0.042958
SG_000526,0.87018
SG_000527,0.031217
SG_000530,0.455122
SG_000535,0.406933
SG_000536,0.044294
SG_000551,0.818541
SG_000561,0.986756
SG_000563,0.998609
SG_000567,0.823104
SG_000572,0.736909
SG_000580,0.649992
SG_000583,0.375549
SG_000585,0.974236
SG_000588,0.332146
SG_000591,0.882088
SG_000593,0.215236
SG_000594,0.820989
SG_000598,0.364532
SG_000603,0.840688
SG_000610,0.112459
SG_000614,0.578321
SG_000615,0.288799
SG_000616,0.001836
SG_000617,0.111847
SG_000619,0.34155
SG_000621,0.77792
SG_000629,0.952757
SG_000633,0.423516
SG_000634,0.695955
SG_000638,0.231484
SG_000640,0.623671
SG_000643,0.89216
SG_000646,0.88014
SG_000648,0.111179
SG_000657,0.113961
SG_000662,0.485616
SG_000665,0.089366
SG_000666,0.897835
SG_000672,0.237271
SG_000674,0.572422
SG_000677,0.057648
SG_000678,0.88526
SG_000679,0.511379
SG_000691,0.716766
SG_000692,0.177675
SG_000693,0.874186
SG_000695,0.495354
SG_000696,0.184464
SG_000698,0.055534
SG_000706,0.144789
SG_000709,0.585221
SG_000713,0.272884
SG_000716,0.33593
SG_000717,0.238718
SG_000719,0.473708
SG_000722,0.909243
SG_000727,0.189528
SG_000734,0.229425
SG_000737,0.116465
SG_000739,0.085137
SG_000742,0.830839
SG_000743,0.688721
SG_000750,0.181236
SG_000751,0.563074
SG_000759,0.975127
SG_000762,0.27422
SG_000764,0.417339
SG_000768,0.635858
SG_000769,0.502643
SG_000770,0.245451
SG_000788,0.922764
SG_000790,0.068833
SG_000797,0.615325
SG_000798,0.169328
SG_000799,0.475266
SG_000802,0.687886
SG_000803,0.99961
SG_000809,0.87708
SG_000811,0.765455
SG_000812,0.880975
SG_000816,0.833064
SG_000817,0.403539
SG_000820,0.047298
SG_000821,0.043515
SG_000826,0.376662
SG_000840,0.647265
SG_000849,0.533638
SG_000851,0.279228
SG_000856,0.161371
SG_000857,0.842914
SG_000864,0.057982
SG_000865,0.081465
SG_000875,0.395916
SG_000883,0.563797
SG_000888,0.634244
SG_000889,0.510378
SG_000890,0.79083
SG_000891,0.130599
SG_000903,0.180624
SG_000907,0.793723
SG_000909,0.086807
SG_000910,0.573925
SG_000911,0.867898
SG_000912,0.617328
SG_000913,0.712871
SG_000917,0.938735
SG_000920,0.423627
SG_000928,0.061877
SG_000934,0.011407
SG_000935,0.978855
SG_000938,0.441044
SG_000940,0.092204
SG_000943,0.235546
SG_000945,0.289188
SG_000946,0.774581
SG_000948,0.263591
SG_000950,0.692672
SG_000954,0.730788
SG_000959,0.580713
SG_000963,0.740304
SG_000965,0.054588
SG_000968,0.857214
SG_000970,0.8827
SG_000973,0.259529
SG_000975,0.294864
SG_000977,0.005231
SG_000980,0.959546
SG_000981,0.234211
SG_000985,0.363808
SG_000987,0.982527
SG_000988,0.406544
SG_000990,0.778866
SG_000991,0.839519
SG_001002,0.704134
SG_001004,0.980747
SG_001009,0.462801
SG_001010,0.022536
SG_001014,0.364977
SG_001023,0.806021
SG_001027,0.028101
SG_001028,0.921652
SG_001030,0.362584
SG_001031,0.286239
SG_001032,0.453286
SG_001042,0.30744
SG_001048,0.517
SG_001049,0.0345
SG_001052,0.275555
SG_001058,0.377108
SG_001060,0.511157
SG_001066,0.914807
SG_001067,0.241723
SG_001070,0.503088
SG_001071,0.083635
SG_001075,0.023538
SG_001076,0.733459
SG_001078,0.030827
SG_001081,0.497524
SG_001085,0.663402
SG_001086,0.192588
SG_001100,0.253019
SG_001101,0.052306
SG_001102,0.555562
SG_001106,0.626899
SG_001107,0.030772
SG_001108,0.30961
SG_001109,0.213065
SG_001111,0.952479
SG_001117,0.995827
SG_001121,0.888042
SG_001123,0.828223
SG_001125,0.804018
SG_001126,0.9724
SG_001128,0.571476
SG_001133,0.109565
SG_001135,0.869902
SG_001143,0.996828
SG_001153,0.016026
SG_001155,0.869178
SG_001157,0.298537
SG_001159,0.651105
SG_001161,0.962384
SG_001163,0.458071
SG_001167,0.979968
SG_001180,0.598742
SG_001181,0.937343
SG_001182,0.731122
SG_001184,0.479773
SG_001188,0.240387
SG_001190,0.873964
SG_001192,0.349619
SG_001196,0.981025
SG_001201,0.736965
SG_001202,0.221691
SG_001203,0.379945
SG_001205,0.268878
SG_001208,0.915364
SG_001210,0.820544
SG_001211,0.335708
SG_001213,0.542819
SG_001215,0.85599
SG_001217,0.532358
SG_001225,0.589283
SG_001226,0.859885
SG_001229,0.773413
SG_001230,0.328919
SG_001236,0.497969
SG_001237,0.32903
SG_001243,0.509933
SG_001245,0.626955
SG_001248,0.529687
SG_001252,0.041233
SG_001255,0.948027
SG_001257,0.873018
SG_001262,0.43381
SG_001264,0.189249
SG_001267,0.140003
SG_001279,0.047632
SG_001285,0.259529
SG_001287,0.534917
SG_001293,0.831618
SG_001296,0.57782
SG_001298,0.164932
SG_001303,0.314729
SG_001305,0.531857
SG_001306,0.786322
SG_001309,0.628401
SG_001312,0.215291
SG_001313,0.889711
SG_001314,0.601358
SG_001316,0.550943
SG_001318,0.080073
SG_001319,0.843192
SG_001321,0.789995
SG_001322,0.239942
SG_001327,0.221524
SG_001331,0.128763
SG_001335,0.095432
SG_001336,0.706249
SG_001349,0.686439
SG_001350,0.478493
SG_001352,0.321351
SG_001354,0.053531
SG_001361,0.15742
SG_001362,0.511602
SG_001364,0.11385
SG_001374,0.846197
SG_001389,0.210895
SG_001390,0.046019
SG_001395,0.987369
SG_001397,0.572311
SG_001401,0.363085
SG_001402,0.334595
SG_001405,0.072394
SG_001412,0.899282
SG_001415,0.145624
SG_001419,0.248345
SG_001421,0.371599
SG_001423,0.265428
SG_001432,0.264426
SG_001433,0.110233
SG_001441,0.506427
SG_001446,0.490679
SG_001447,0.442713
SG_001448,0.00729
SG_001453,0.14924
SG_001458,0.301541
SG_001465,0.631351
SG_001469,0.468978
SG_001470,0.554783
SG_001472,0.863002
SG_001476,0.741695
SG_001478,0.983585
SG_001480,0.975182
SG_001484,0.01035
SG_001487,0.929331
SG_001493,0.726838
SG_001494,0.674642
SG_001500,0.632074
SG_001505,0.320238
SG_001506,0.799065
SG_001510,0.532914
SG_001514,0.593456
SG_001520,0.692282
SG_001525,0.96333
SG_001527,0.383229
SG_001528,0.506983
SG_001529,0.192087
SG_001531,0.569974
SG_001541,0.974848
SG_001542,0.739747
SG_001543,0.907852
SG_001545,0.358745
SG_001549,0.340827
SG_001557,0.584609
SG_001558,0.945802
SG_001561,0.156864
SG_001562,0.090423
SG_001563,0.477881
SG_001567,0.494742
SG_001568,0.365923
SG_001569,0.573925
SG_001570,0.400256
SG_001571,0.768739
SG_001572,0.433977
SG_001573,0.030048
SG_001576,0.414891
SG_001584,0.046074
SG_001590,0.725558
SG_001591,0.412108
SG_001592,0.135552
SG_001595,0.303934
SG_001601,0.917423
SG_001604,0.605364
SG_001609,0.763508
SG_001610,0.676089
SG_001612,0.117857
SG_001613,0.814423
SG_001615,0.399588
SG_001623,0.620333
SG_001624,0.054087
SG_001631,0.220967
SG_001634,0.769072
SG_001636,0.954927
SG_001638,0.89778
SG_001647,0.388292
SG_001650,0.697457
SG_001653,0.81715
SG_001654,0.979467
SG_001658,0.537533
SG_001663,0.824384
SG_001667,0.418675
SG_001668,0.35101
SG_001670,0.040343
SG_001683,0.056925
SG_001686,0.473541
SG_001688,0.767125
SG_001689,0.369818
SG_001698,0.941183
SG_001704,0.592955
SG_001711,0.523065
SG_001719,0.115241
SG_001720,0.183796
SG_001723,0.464359
SG_001726,0.537978
SG_001728,0.352902
SG_001731,0.232486
SG_001733,0.89956
SG_001734,0.071838
SG_001735,0.627121
SG_001737,0.94825
SG_001738,0.845362
SG_001739,0.271938
SG_001740,0.298815
SG_001744,0.417784
SG_001745,0.792777
SG_001750,0.281787
SG_001751,0.196984
SG_001761,0.883813
SG_001767,0.601525
SG_001768,0.953981
SG_001769,0.157142
SG_001776,0.848256
SG_001786,0.532914
SG_001788,0.231874
SG_001789,0.743531
SG_001790,0.056424
SG_001791,0.234378
SG_001792,0.251461
SG_001793,0.173502
SG_001796,0.402092
SG_001797,0.341216
SG_001803,0.701909
SG_001804,0.237605
SG_001806,0.311836
SG_001811,0.541873
SG_001815,0.955484
SG_001819,0.329197
SG_001824,0.235491
SG_001825,0.49118
SG_001827,0.625063
SG_001830,0.793723
SG_001831,0.008569
SG_001833,0.889266
SG_001836,0.58778
SG_001844,0.970508
SG_001846,0.169217
SG_001847,0.895109
SG_001848,0.850036
SG_001849,0.802849
SG_001851,0.268266
SG_001858,0.549274
SG_001860,0.296144
SG_001862,0.773079
SG_001864,0.688276
SG_001865,0.808469
SG_001867,0.744755
SG_001872,0.149853
SG_001876,0.454955
SG_001877,0.927327
SG_001883,0.376106
SG_001884,0.221913
SG_001885,0.3588
SG_001886,0.97585
SG_001888,0.084191
SG_001890,0.434088
SG_001892,0.399199
SG_001893,0.976907
SG_001894,0.691837
SG_001895,0.935062
SG_001897,0.231261
SG_001901,0.223694
SG_001903,0.620388
SG_001904,0.06939
SG_001906,0.34066
SG_001909,0.414557
SG_001912,0.30744
SG_001914,0.080073
SG_001915,0.155417
SG_001919,0.529242
SG_001924,0.481164
SG_001925,0.012687
SG_001928,0.754382
SG_001930,0.319737
SG_001932,0.318513
SG_001933,0.159424
SG_001934,0.009571
SG_001936,0.185465
SG_001947,0.111457
SG_001953,0.926437
SG_001954,0.120472
SG_001955,0.77575
SG_001963,0.676701
SG_001971,0.955484
SG_001975,0.314006
SG_001976,0.458683
SG_001977,0.625563
SG_001980,0.099438
SG_001981,0.105336
SG_001982,0.823772
SG_001990,0.393912
SG_001999,0.176562
SG_002000,0.623115
SG_002002,0.990596
SG_002004,0.65283
SG_002008,0.806689
SG_002009,0.336487
SG_002016,0.912915
SG_002021,0.511658
SG_002024,0.339658
SG_002027,0.856992
SG_002037,0.696567
SG_002038,0.349563
SG_002039,0.695398
SG_002044,0.868121
SG_002045,0.02454
SG_002048,0.461299
SG_002050,0.829503
SG_002052,0.317289
SG_002063,0.675422
SG_002067,0.724445
SG_002068,0.621446
SG_002069,0.095487
SG_002074,0.265928
SG_002075,0.475822
SG_002078,0.552334
SG_002081,0.148461
SG_002090,0.801347
SG_002097,0.672528
SG_002103,0.150353
SG_002105,0.852763
SG_002110,0.079461
SG_002122,0.522175
SG_002123,0.700072
SG_002125,0.928552
SG_002129,0.985922
SG_002131,0.873407
SG_002137,0.622892
SG_002142,0.557231
SG_002150,0.598297
SG_002151,0.722108
SG_002152,0.431696
SG_002166,0.107173
SG_002171,0.746425
SG_002172,0.757832
SG_002176,0.156252
SG_002177,0.72617
SG_002181,0.91375
SG_002184,0.34155
SG_002185,0.996494
SG_002186,0.086918
SG_002191,0.079406
SG_002192,0.774637
SG_002194,0.74559
SG_002200,0.349508
SG_002209,0.811752
SG_002213,0.171165
SG_002220,0.498525
SG_002223,0.376329
SG_002227,0.122809
SG_002228,0.160592
SG_002233,0.674754
SG_002241,0.801347
SG_002248,0.676367
SG_002251,0.921206
SG_002252,0.34628
SG_002254,0.802626
SG_002255,0.43726
SG_002260,0.958099
SG_002262,0.212398
SG_002263,0.292249
SG_002266,0.278449
SG_002270,0.491904
SG_002277,0.191475
SG_002278,0.052807
SG_002280,0.157699
SG_002281,0.73908
SG_002283,0.255968
SG_002284,0.916477
SG_002286,0.60197
SG_002288,0.690891
SG_002291,0.821991
SG_002292,0.157754
SG_002294,0.192922
SG_002296,0.799343
SG_002298,0.2691
SG_002301,0.149686
SG_002304,0.909521
SG_002311,0.397585
SG_002319,0.788604
SG_002320,0.47393
SG_002322,0.528129
SG_002324,0.52095
SG_002328,0.476712
SG_002332,0.25224
SG_002341,0.945356
SG_002346,0.497524
SG_002347,0.748873
SG_002352,0.3036
SG_002357,0.424629
SG_002361,0.216849
SG_002370,0.108397
SG_002371,0.707251
SG_002372,5.6e-05
SG_002373,0.179678
SG_002374,0.232319
SG_002375,0.369651
SG_002381,0.178065
SG_002385,0.651049
SG_002387,0.188749
SG_002390,0.971899
SG_002391,0.139391
SG_002392,0.290301
SG_002394,0.619331
SG_002396,0.435201
SG_002401,0.429748
SG_002402,0.303322
SG_002404,0.42947
SG_002407,0.199822
SG_002410,0.372489
SG_002419,0.800512
SG_002421,0.856046
SG_002422,0.15998
SG_002423,0.948862
SG_002429,0.348172
SG_002430,0.561738
SG_002434,0.829893
SG_002437,0.256302
SG_002442,0.353625
SG_002444,0.23972
SG_002447,0.205442
SG_002448,0.21824
SG_002450,0.944466
SG_002453,0.295087
SG_002454,0.756552
SG_002455,0.851761
SG_002456,0.730844
SG_002458,0.616048
SG_002459,0.61666
SG_002460,0.801903
SG_002462,0.088532
SG_002464,0.56836
SG_002466,0.512047
SG_002475,0.476156
SG_002477,0.47304
SG_002479,0.67186
SG_002482,0.423237
SG_002483,0.964331
SG_002486,0.643259
SG_002490,0.988704
SG_002493,0.180179
SG_002495,0.772912
SG_002498,0.121585
SG_002500,0.76718
SG_002502,0.371933
SG_002507,0.733348
SG_002509,0.458294
SG_002517,0.845084
SG_002520,0.277224
SG_002522,0.02671
SG_002526,0.173557
SG_002529,0.108731
SG_002532,0.021757
SG_002539,0.262979
SG_002541,0.100996
SG_002544,0.123477
SG_002545,0.324189
SG_002546,0.847922
SG_002548,0.720105
SG_002555,0.515163
SG_002559,0.246508
SG_002568,0.061989
SG_002572,0.872072
SG_002573,0.219576
SG_002577,0.261532
SG_002580,0.544711
SG_002583,0.430471
SG_002586,0.200156
SG_002587,0.524233
SG_002588,0.143286
SG_002594,0.038952
SG_002596,0.078182
SG_002597,0.015803
SG_002599,0.614379
SG_002600,0.762896
SG_002601,0.292694
SG_002605,0.361972
SG_002613,0.266095
SG_002615,0.810695
SG_002618,0.059652
SG_002622,0.659952
SG_002627,0.350787
SG_002628,0.626955
SG_002630,0.035168
SG_002633,0.919036
SG_002638,0.270213
SG_002649,0.495966
SG_002650,0.635357
SG_002652,0.369595
SG_002653,0.297479
SG_002654,0.342774
SG_002657,0.392966
SG_002664,0.76668
SG_002665,0.057426
SG_002666,0.313227
SG_002667,0.421123
SG_002672,0.606922
SG_002673,0.64643
SG_002674,0.446664
SG_002675,0.431862
SG_002680,0.881142
SG_002684,0.815536
SG_002688,0.922152
SG_002689,0.283568
SG_002691,0.5796
SG_002693,0.897835
SG_002699,0.179233
SG_002701,0.682322
SG_002705,0.793389
SG_002720,0.215681
SG_002731,0.725168
SG_002733,0.285404
SG_002735,0.721051
SG_002736,0.73997
SG_002738,0.070002
SG_002742,0.896277
SG_002746,0.690001
SG_002748,0.203773
SG_002752,0.357687
SG_002755,0.371042
SG_002757,0.25313
SG_002759,0.417395
SG_002767,0.301764
SG_002770,0.967503
SG_002773,0.949252
SG_002777,0.929275
SG_002782,0.140003
SG_002783,0.156753
SG_002785,0.304546
SG_002788,0.49463
SG_002789,0.377664
SG_002793,0.30922
SG_002796,0.181737
SG_002798,0.712648
SG_002809,0.893829
SG_002814,0.624784
SG_002820,0.12509
SG_002825,0.835123
SG_002827,0.577041
SG_002829,0.630015
SG_002832,0.839909
SG_002834,0.09098
SG_002840,0.848923
SG_002842,0.283957
SG_002843,0.030048
SG_002849,0.917868
SG_002850,0.116799
SG_002853,0.744811
SG_002875,0.916031
SG_002882,0.857715
SG_002887,0.94441
SG_002891,0.300874
SG_002896,0.307607
SG_002904,0.416504
SG_002906,0.876746
SG_002907,0.648601
SG_002910,0.808414
SG_002918,0.633966
SG_002926,0.20483
SG_002930,0.665906
SG_002932,0.008959
SG_002937,0.710255
SG_002939,0.160091
SG_002943,0.18107
SG_002944,0.252017
SG_002947,0.169217
SG_002949,0.258416
SG_002950,0.025096
SG_002952,0.292861
SG_002954,0.456736
SG_002955,0.886484
SG_002958,0.91119
SG_002960,0.633354
SG_002964,0.77753
SG_002967,0.431862
SG_002972,0.959435
SG_002982,0.764454
SG_002985,0.875243
SG_002989,0.424851
SG_002999,0.220856
SG_003002,0.424907
SG_003008,0.594792
SG_003023,0.070224
SG_003024,0.078015
SG_003026,0.819376
SG_003028,0.884425
SG_003030,0.517222
SG_003031,0.415336
SG_003037,0.158811
SG_003042,0.825719
SG_003043,0.14184
SG_003044,0.963664
SG_003045,0.065439
SG_003048,0.678315
SG_003049,0.260976
SG_003051,0.09315
SG_003052,0.255467
SG_003059,0.987758
SG_003062,0.067108
SG_003065,0.183128
SG_003067,0.052863
SG_003071,0.173112
SG_003072,0.820489
SG_003073,0.664849
SG_003075,0.470146
SG_003080,0.301486
SG_003082,0.650047
SG_003084,0.769684
SG_003085,0.219353
SG_003088,0.334762
SG_003089,0.792833
SG_003096,0.073173
SG_003097,0.791609
SG_003102,0.373212
SG_003105,0.464916
SG_003107,0.03233
SG_003111,0.475377
SG_003116,0.727005
SG_003118,0.449725
SG_003125,0.108341
SG_003127,0.196706
SG_003133,0.897001
SG_003135,0.63391
SG_003137,0.721162
SG_003138,0.440265
SG_003139,0.93918
SG_003141,0.977631
SG_003144,0.925992
SG_003151,0.477325
SG_003154,0.889433
SG_003158,0.865172
SG_003160,0.239942
SG_003164,0.941906
SG_003168,0.031495
SG_003169,0.133048
SG_003174,0.596461
SG_003179,0.951088
SG_003184,0.566691
SG_003186,0.034723
SG_003193,0.693896
SG_003196,0.062323
SG_003198,0.702409
SG_003201,0.692672
SG_003204,0.797618
SG_003205,0.664682
SG_003206,0.158255
SG_003211,0.513717
SG_003214,0.652996
SG_003215,0.244839
SG_003216,0.562629
SG_003217,0.700406
SG_003219,0.750042
SG_003226,0.47777
SG_003227,0.849647
SG_003230,0.746759
SG_003231,0.578488
SG_003232,0.355907
SG_003234,0.549218
SG_003239,0.328808
SG_003241,0.377887
SG_003243,0.236603
SG_003250,0.13455
SG_003253,0.600467
SG_003256,0.753325
SG_003259,0.208169
SG_003266,0.848478
SG_003272,0.926882
SG_003273,0.454733
SG_003281,0.25057
SG_003284,0.713427
SG_003288,0.083857
SG_003293,0.058761
SG_003294,0.405487
SG_003295,0.891714
SG_003296,0.096544
SG_003301,0.780869
SG_003304,0.243615
SG_003305,0.574815
SG_003307,0.317178
SG_003310,0.480107
SG_003314,0.386901
SG_003321,0.471092
SG_003325,0.334038
SG_003328,0.859941
SG_003331,0.556842
SG_003332,0.879528
SG_003333,0.628457
SG_003340,0.627344
SG_003341,0.870569
SG_003342,0.524067
SG_003349,0.408547
SG_003355,0.516721
SG_003357,0.828056
SG_003361,0.080296
SG_003370,0.971844
SG_003371,0.81114
SG_003373,0.793946
SG_003374,0.764287
SG_003379,0.370319
SG_003388,0.220633
SG_003389,0.788882
SG_003390,0.47521
SG_003391,0.600968
SG_003392,0.183518
SG_003393,0.934728
SG_003397,0.0
SG_003398,0.182516
SG_003399,0.55022
SG_003402,0.683546
SG_003404,0.281843
SG_003407,0.510489
SG_003408,0.72272
SG_003422,0.071393
SG_003426,0.22987
SG_003430,0.173502
SG_003434,0.389795
SG_003437,0.529631
SG_003439,0.298203
SG_003440,0.628513
SG_003441,0.082967
SG_003444,0.292861
SG_003447,0.930054
SG_003452,0.347115
SG_003453,0.853375
SG_003464,0.392466
SG_003469,0.079962
SG_003475,0.914529
SG_003477,0.95821
SG_003479,0.452618
SG_003480,0.762228
SG_003482,0.837739
SG_003483,0.989928
SG_003485,0.354015
SG_003486,0.938623
SG_003489,0.007011
SG_003491,0.10044
SG_003492,0.54076
SG_003493,0.207111
SG_003501,0.679651
SG_003505,0.988426
SG_003509,0.075232
SG_003517,0.761059
SG_003521,0.735852
SG_003526,0.032664
SG_003528,0.219465
SG_003532,0.184742
SG_003535,0.140838
SG_003538,0.73524
SG_003541,0.118079
SG_003545,0.422792
SG_003548,0.168327
SG_003549,0.255523
SG_003554,0.086973
SG_003557,0.94697
SG_003566,0.352067
SG_003568,0.179511
SG_003572,0.81715
SG_003575,0.35357
SG_003578,0.593345
SG_003584,0.201881
SG_003585,0.457737
SG_003588,0.867342
SG_003589,0.56875
SG_003594,0.760503
SG_003597,0.815814
SG_003598,0.38512
SG_003601,0.552668
SG_003603,0.569028
SG_003610,0.160369
SG_003611,0.087919
SG_003613,0.383117
SG_003618,0.049302
SG_003619,0.223916
SG_003620,0.854376
SG_003625,0.852151
SG_003627,0.344221
SG_003628,0.741862
SG_003629,0.172444
SG_003637,0.890824
SG_003648,0.475321
SG_003650,0.339603
SG_003666,0.283512
SG_003668,0.510934
SG_003670,0.795671
SG_003671,0.067442
SG_003689,0.365366
SG_003691,0.234155
SG_003699,0.972233
SG_003702,0.291692
SG_003704,0.185744
SG_003705,0.443381
SG_003706,0.289188
SG_003708,0.016248
SG_003710,0.099048
SG_003711,0.190307
SG_003714,0.29926
SG_003715,0.386512
SG_003722,0.878972
SG_003745,0.222692
SG_003746,0.717489
SG_003751,0.278003
SG_003754,0.938345
SG_003757,0.695899
SG_003758,0.744199
SG_003765,0.515163
SG_003767,0.04485
SG_003768,0.559179
SG_003769,0.20867
SG_003777,0.180012
SG_003783,0.147682
SG_003786,0.113572
SG_003787,0.096489
SG_003788,0.642368
SG_003792,0.301152
SG_003795,0.278393
SG_003806,0.50882
SG_003807,0.563964
SG_003809,0.856992
SG_003810,0.265483
SG_003812,0.905737
SG_003820,0.690613
SG_003822,0.469868
SG_003829,0.845696
SG_003835,0.134216
SG_003843,0.954816
SG_003844,0.457737
SG_003851,0.645985
SG_003852,0.410161
SG_003856,0.559846
SG_003860,0.793222
SG_003863,0.007512
SG_003865,0.514162
SG_003868,0.562184
SG_003869,0.084302
SG_003874,0.547048
SG_003878,0.855879
SG_003880,0.512548
SG_003881,0.385788
SG_003886,0.258027
SG_003896,0.432864
SG_003904,0.61015
SG_003905,0.636136
SG_003906,0.101831
SG_003907,0.116465
SG_003908,0.662567
SG_003910,0.977742
SG_003917,0.356185
SG_003919,0.640365
SG_003920,0.584831
SG_003921,0.164487
SG_003922,0.851372
SG_003925,0.204496
SG_003926,0.126537
SG_003935,0.154916
SG_003937,0.439096
SG_003940,0.772467
SG_003941,0.691781
SG_003945,0.916755
SG_003951,0.953481
SG_003958,0.134828
SG_003959,0.249291
SG_003961,0.505425
SG_003966,0.454844
SG_003967,0.128318
SG_003969,0.087641
SG_003972,0.512826
SG_003977,0.779979
SG_003978,0.037672
SG_003979,0.611485
SG_003988,0.067108
SG_003992,0.510656
SG_003994,0.255745
SG_003995,0.902677
SG_004001,0.443604
SG_004002,0.281175
SG_004011,0.170274
SG_004012,0.012687
SG_004016,0.881476
SG_004019,0.956541
SG_004034,0.805798
SG_004036,0.306438
SG_004041,0.695565
SG_004042,0.413555
SG_004045,0.289745
SG_004048,0.983028
SG_004049,0.064382
SG_004050,0.952145
SG_004054,0.863836
SG_004060,0.551834
SG_004063,0.240888
SG_004064,0.647209
SG_004065,0.857159
SG_004066,0.362473
SG_004071,0.15959
SG_004074,0.108675
SG_004078,0.760837
SG_004079,0.534417
SG_004080,0.425018
SG_004081,0.550442
SG_004083,0.977631
SG_004087,0.448667
SG_004089,0.088309
SG_004091,0.232152
SG_004093,0.890379
SG_004094,0.502254
SG_004100,0.164376
SG_004107,0.107729
SG_004109,0.808414
SG_004110,0.60848
SG_004111,0.3312
SG_004123,0.097936
SG_004126,0.144121
SG_004127,0.023872
SG_004129,0.625174
SG_004130,0.174503
SG_004131,0.910411
SG_004136,0.157309
SG_004140,0.281064
SG_004149,0.554783
SG_004152,0.890935
SG_004155,0.756441
SG_004157,0.349174
SG_004163,0.062211
SG_004164,0.646542
SG_004168,0.17033
SG_004170,0.512047
SG_004171,0.281008
SG_004174,0.414946
SG_004175,0.266874
SG_004178,0.154471
SG_004181,0.651939
SG_004184,0.716321
SG_004186,0.353347
SG_004187,0.912248
SG_004191,0.559513
SG_004192,0.976796
SG_004197,0.402983
SG_004201,0.838685
SG_004204,0.935452
SG_004207,0.30872
SG_004209,0.972734
SG_004214,0.742474
SG_004218,0.425686
SG_004220,0.736743
SG_004223,0.405431
SG_004224,0.401313
SG_004225,0.7171
SG_004228,0.35919
SG_004229,0.570475
SG_004230,0.19832
SG_004235,0.369651
SG_004238,0.525792
SG_004239,0.994881
SG_004244,0.354961
SG_004253,0.682322
SG_004256,0.720327
SG_004257,0.814701
SG_004258,0.094652
SG_004262,0.565133
SG_004263,0.286239
SG_004265,0.203383
SG_004268,0.089589
SG_004269,0.908185
SG_004271,0.0828
SG_004286,0.427355
SG_004289,0.482444
SG_004290,0.794447
SG_004291,0.942018
SG_004297,0.531189
SG_004300,0.393133
SG_004302,0.784653
SG_004305,0.353124
SG_004306,0.705303
SG_004312,0.454677
SG_004313,0.222803
SG_004315,0.79261
SG_004320,0.009794
SG_004321,0.898336
SG_004322,0.78048
SG_004325,0.492071
SG_004326,0.412776
SG_004339,0.249457
SG_004342,0.61449
SG_004347,0.60503
SG_004348,0.915586
SG_004349,0.807301
SG_004350,0.921206
SG_004357,0.070391
SG_004358,0.882533
SG_004359,0.27945
SG_004362,0.752768
SG_004365,0.088532
SG_004368,0.67008
SG_004369,0.384842
SG_004370,0.163986
SG_004378,0.807968
SG_004379,0.342329
SG_004388,0.590173
SG_004390,0.284903
SG_004391,0.062323
SG_004401,0.24278
SG_004404,0.914306
SG_004405,0.68566
SG_004406,0.458683
SG_004408,0.657615
SG_004415,0.456791
SG_004417,0.088865
SG_004419,0.381448
SG_004420,0.847421
SG_004422,0.207111
SG_004423,0.644594
SG_004426,0.259529
SG_004427,0.603083
SG_004429,0.878582
SG_004432,0.340104
SG_004439,0.986033
SG_004445,0.320183
SG_004447,0.801514
SG_004448,0.214067
SG_004451,0.575204
SG_004457,0.622781
SG_004458,0.447165
SG_004460,0.199599
SG_004461,0.902287
SG_004462,0.000334
SG_004464,0.259474
SG_004465,0.242001
SG_004469,0.202326
SG_004474,0.36442
SG_004475,0.267987
SG_004476,0.160314
SG_004477,0.844861
SG_004480,0.873964
SG_004482,0.464192
SG_004484,0.130599
SG_004486,0.674142
SG_004494,0.937121
SG_004504,0.132269
SG_004508,0.559624
SG_004509,0.61794
SG_004511,0.805631
SG_004514,0.444327
SG_004515,0.386901
SG_004518,0.441656
SG_004521,0.071504
SG_004526,0.774025
SG_004530,0.883201
SG_004534,0.825274
SG_004536,0.256079
SG_004538,0.125202
SG_004539,0.884536
SG_004541,0.61321
SG_004549,0.306049
SG_004552,0.655834
SG_004553,0.116966
SG_004556,0.198097
SG_004559,0.120583
SG_004562,0.151021
SG_004565,0.549051
SG_004568,0.591397
SG_004576,0.176618
SG_004577,0.261699
SG_004593,0.518168
SG_004594,0.571421
SG_004600,0.634634
SG_004602,0.883034
SG_004608,0.364365
SG_004609,0.660286
SG_004612,0.322019
SG_004614,0.111958
SG_004617,0.751711
SG_004620,0.377386
SG_004623,0.394525
SG_004626,0.330699
SG_004631,0.446831
SG_004632,0.566913
SG_004633,0.327862
SG_004635,0.710756
SG_004637,0.468366
SG_004638,0.18196
SG_004641,0.818096
SG_004645,0.714596
SG_004652,0.209504
SG_004653,0.263091
SG_004655,0.991208
SG_004656,0.534583
SG_004658,0.136442
SG_004659,0.335429
SG_004662,0.59635
SG_004664,0.26693
SG_004668,0.252017
SG_004669,0.063714
SG_004672,0.902732
SG_004676,0.560792
SG_004682,0.090813
SG_004685,0.977185
SG_004689,0.341105
SG_004695,0.681988
SG_004697,0.666685
SG_004700,0.734906
SG_004701,0.816037
SG_004709,0.816705
SG_004710,0.472428
SG_004712,0.13494
SG_004716,0.27383
SG_004720,0.380391
SG_004721,0.213845
SG_004723,0.676423
SG_004731,0.886985
SG_004736,0.837071
SG_004737,0.767347
SG_004738,0.681209
SG_004739,0.919036
SG_004742,0.301597
SG_004751,0.949419
SG_004753,0.125146
SG_004755,0.877024
SG_004757,0.138557
SG_004760,0.0828
SG_004761,0.412609
SG_004762,0.59073
SG_004763,0.363975
SG_004764,0.467754
SG_004766,0.943353
SG_004769,0.500139
SG_004772,0.082522
SG_004773,0.544822
SG_004782,0.236548
SG_004784,0.528296
SG_004786,0.930666
SG_004787,0.663013
SG_004789,0.066496
SG_004797,0.514217
SG_004798,0.57309
SG_004799,0.879862
SG_004801,0.88704
SG_004804,0.908241
SG_004813,0.727617
SG_004816,0.898726
SG_004817,0.199377
SG_004818,0.791275
SG_004821,0.169885
SG_004827,0.162206
SG_004828,0.308108
SG_004829,0.785822
SG_004830,0.859329
SG_004831,0.748094
SG_004836,0.146458
SG_004840,0.599299
SG_004842,0.612876
SG_004844,0.076957
SG_004846,0.917923
SG_004853,0.785933
SG_004855,0.899616
SG_004856,0.106338
SG_004866,0.650326
SG_004867,0.020756
SG_004868,0.975238
SG_004873,0.771187
SG_004877,0.269156
SG_004881,0.204663
SG_004882,0.923822
SG_004887,0.841356
SG_004898,0.831951
SG_004900,0.651105
SG_004906,0.96984
SG_004907,0.653163
SG_004912,0.477213
SG_004913,0.056424
SG_004919,0.142174
SG_004922,0.76195
SG_004923,0.508152
SG_004925,0.615603
SG_004927,0.426521
SG_004929,0.944967
SG_004930,0.799955
SG_004939,0.864059
SG_004942,0.160982
SG_004944,0.35535
SG_004945,0.085916
SG_004959,0.701185
SG_004960,0.922653
SG_004964,0.087641
SG_004968,0.989706
SG_004969,0.84386
SG_004973,0.960548
SG_004975,0.66368
SG_004981,0.605086
SG_004985,0.801903
SG_004988,0.48122
SG_004990,0.729342
SG_004993,0.667409
SG_004997,0.118803
SG_005000,0.051305
SG_005002,0.881921
SG_005004,0.978243
SG_005011,0.528852
SG_005013,0.110901
SG_005018,0.578432
SG_005019,0.430416
SG_005020,0.212342
SG_005022,0.27255
SG_005027,0.196761
SG_005029,0.119415
SG_005030,0.145735
SG_005031,0.046853
SG_005033,0.517111
SG_005037,0.044572
SG_005041,0.061655
SG_005048,0.362473
SG_005049,0.528463
SG_005052,0.471259
SG_005057,0.434812
SG_005058,0.405375
SG_005062,0.933782
SG_005080,0.311057
SG_005085,0.374103
SG_005086,0.435702
SG_005089,0.499638
SG_005090,0.00946
SG_005091,0.919481
SG_005094,0.415447
SG_005097,0.676646
SG_005098,0.739469
SG_005100,0.891325
SG_005101,0.605976
SG_005102,0.898503
SG_005108,0.941127
SG_005110,0.897446
SG_005114,0.647321
SG_005120,0.593846
SG_005122,0.428858
SG_005123,0.14579
SG_005126,0.455567
SG_005131,0.231929
SG_005132,0.174782
SG_005134,0.37822
SG_005137,0.250125
SG_005140,0.636971
SG_005141,0.516777
SG_005142,0.782928
SG_005143,0.230149
SG_005148,0.842301
SG_005161,0.728841
SG_005168,0.798676
SG_005170,0.068221
SG_005171,0.797118
SG_005174,0.236826
SG_005175,0.26732
SG_005178,0.423794
SG_005179,0.098214
SG_005188,0.473819
SG_005190,0.3859
SG_005191,0.441656
SG_005194,0.90429
SG_005196,0.127149
SG_005199,0.144566
SG_005200,0.186857
SG_005203,0.371042
SG_005205,0.594291
SG_005213,0.016193
SG_005214,0.432475
SG_005216,0.979411
SG_005220,0.594959
SG_005224,0.58344
SG_005228,0.87235
SG_005233,0.112069
SG_005235,0.694953
SG_005240,0.016304
SG_005241,0.394691
SG_005246,0.798898
SG_005247,0.438317
SG_005248,0.508263
SG_005250,0.487842
SG_005251,0.759557
SG_005253,0.090702
SG_005255,0.08842
SG_005264,0.748484
SG_005268,0.149686
SG_005270,0.340382
SG_005277,0.887764
SG_005282,0.069501
SG_005283,0.516109
SG_005284,0.70981
SG_005287,0.956374
SG_005289,0.790774
SG_005291,0.626843
SG_005292,0.30705
SG_005296,0.137165
SG_005302,0.318291
SG_005305,0.540983
SG_005311,0.617495
SG_005312,0.500918
SG_005313,0.292916
SG_005316,0.117078
SG_005320,0.760559
SG_005321,0.46831
SG_005322,0.9103
SG_005323,0.732347
SG_005325,0.228424
SG_005328,0.362695
SG_005329,0.492961
SG_005332,0.734795
SG_005333,0.857882
SG_005335,0.094652
SG_005340,0.76885
SG_005341,0.684826
SG_005346,0.804852
SG_005350,0.977686
SG_005351,0.087419
SG_005353,0.13839
SG_005356,0.541205
SG_005360,0.895777
SG_005362,0.63736
SG_005363,0.252017
SG_005365,0.264203
SG_005371,0.480608
SG_005372,0.179178
SG_005376,0.89088
SG_005378,0.651884
SG_005379,0.135774
SG_005380,0.973012
SG_005384,0.972567
SG_005386,0.405598
SG_005387,0.933838
SG_005397,0.844917
SG_005401,0.956541
SG_005408,0.867397
SG_005412,0.467142
SG_005414,0.664626
SG_005421,0.446664
SG_005424,0.020032
SG_005428,0.752657
SG_005432,0.355462
SG_005439,0.901397
SG_005444,0.412665
SG_005445,0.546492
SG_005446,0.451116
SG_005447,0.967169
SG_005449,0.210506
SG_005450,0.735908
SG_005451,0.291692
SG_005452,0.296978
SG_005456,0.284347
SG_005457,0.028045
SG_005459,0.000946
SG_005460,0.179623
SG_005465,0.767681
SG_005466,0.890045
SG_005470,0.847755
SG_005473,0.728563
SG_005477,0.880363
SG_005486,0.268766
SG_005489,0.653553
SG_005491,0.725447
SG_005496,0.445885
SG_005497,0.780313
SG_005499,0.81114
SG_005503,0.295643
SG_005504,0.128596
SG_005506,0.177842
SG_005510,0.226309
SG_005511,0.821101
SG_005515,0.136386
SG_005518,0.838184
SG_005519,0.962161
SG_005524,0.877191
SG_005529,0.886094
SG_005530,0.672584
SG_005531,0.414668
SG_005532,0.021368
SG_005534,0.700128
SG_005535,0.61449
SG_005541,0.762284
SG_005542,0.298091
SG_005550,0.098826
SG_005555,0.359802
SG_005557,0.076234
SG_005565,0.764955
SG_005569,0.463525
SG_005572,0.014635
SG_005575,0.306104
SG_005579,0.979022
SG_005580,0.455846
SG_005583,0.327027
SG_005591,0.937677
SG_005592,0.357799
SG_005593,0.484002
SG_005594,0.22642
SG_005599,0.387625
SG_005603,0.752713
SG_005606,0.304101
SG_005611,0.832174
SG_005615,0.588504
SG_005622,0.34845
SG_005625,0.631017
SG_005630,0.843748
SG_005634,0.450949
SG_005635,0.695676
SG_005636,0.892327
SG_005638,0.750821
SG_005640,0.1311
SG_005643,0.252128
SG_005644,0.482054
SG_005645,0.765567
SG_005650,0.376217
SG_005654,0.894997
SG_005655,0.136776
SG_005656,0.321741
SG_005661,0.978577
SG_005664,0.19704
SG_005666,0.893773
SG_005671,0.219242
SG_005681,0.134216
SG_005683,0.805687
SG_005687,0.327862
SG_005688,0.427077
SG_005691,0.429915
SG_005692,0.878749
SG_005693,0.128095
SG_005694,0.681988
SG_005696,0.384954
SG_005703,0.542541
SG_005704,0.306883
SG_005706,0.861777
SG_005707,0.330199
SG_005713,0.498804
SG_005715,0.140949
SG_005719,0.409382
SG_005722,0.001224
SG_005724,0.626788
SG_005725,0.48812
SG_005726,0.185354
SG_005730,0.898336
SG_005735,0.412053
SG_005736,0.850593
SG_005740,0.350676
SG_005748,0.555117
SG_005750,0.24317
SG_005753,0.681876
SG_005758,0.025931
SG_005759,0.301764
SG_005764,0.145735
SG_005765,0.081019
SG_005772,0.41656
SG_005773,0.067219
SG_005776,0.300818
SG_005778,0.80591
SG_005784,0.336542
SG_005786,0.238384
SG_005789,0.341884
SG_005794,0.414779
SG_005796,0.638584
SG_005801,0.698681
SG_005807,0.082744
SG_005809,0.440988
SG_005811,0.34411
SG_005813,0.072339
SG_005814,0.727172
SG_005817,0.673251
SG_005818,0.625063
SG_005820,0.262033
SG_005821,0.23933
SG_005824,0.278671
SG_005825,0.703578
SG_005827,0.246286
SG_005828,0.661009
SG_005830,0.424796
SG_005838,0.503033
SG_005840,0.934227
SG_005842,0.362974
SG_005846,0.520895
SG_005847,0.215848
SG_005848,0.738523
SG_005857,0.879806
SG_005861,0.059874
SG_005862,0.693228
SG_005871,0.289077
SG_005872,0.90429
SG_005873,0.100773
SG_005874,0.304268
SG_005875,0.715764
SG_005877,0.62228
SG_005880,0.339937
SG_005884,0.265372
SG_005892,0.89867
SG_005894,0.33504
SG_005898,0.82622
SG_005899,0.279617
SG_005905,0.83184
SG_005909,0.364866
SG_005910,0.774915
SG_005920,0.39803
SG_005921,0.617439
SG_005922,0.223471
SG_005925,0.471871
SG_005928,0.432308
SG_005932,0.018474
SG_005934,0.714151
SG_005935,0.175894
SG_005937,0.334261
SG_005939,0.156641
SG_005943,0.454733
SG_005951,0.254187
SG_005955,0.848256
SG_005959,0.955039
SG_005966,0.691336
SG_005967,0.924768
SG_005969,0.844527
SG_005976,0.892716
SG_005977,0.821657
SG_005979,0.725168
SG_005980,0.332424
SG_005985,0.931389
SG_005986,0.931612
SG_005991,0.946135
SG_005999,0.0138
SG_006000,0.906015
SG_006004,0.959268
SG_006009,0.911246
SG_006012,0.364977
SG_006013,0.744366
SG_006022,0.406099
SG_006023,0.807523
SG_006026,0.202103
SG_006028,0.637638
SG_006029,0.443158
SG_006033,0.488621
SG_006035,0.494742
SG_006036,0.47304
SG_006038,0.435758
SG_006039,0.873018
SG_006041,0.43765
SG_006047,0.701686
SG_006049,0.173836
SG_006050,0.92371
SG_006054,0.011463
SG_006063,0.458739
SG_006067,0.965556
SG_006069,0.774637
SG_006073,0.248289
SG_006074,0.431362
SG_006075,0.114796
SG_006076,0.326971
SG_006077,0.78176
SG_006079,0.679651
SG_006081,0.013689
SG_006086,0.468533
SG_006092,0.579322
SG_006095,0.391019
SG_006097,0.851817
SG_006099,0.953202
SG_006101,0.247287
SG_006112,0.717768
SG_006122,0.5037
SG_006127,0.574203
SG_006131,0.018975
SG_006133,0.442546
SG_006136,0.564854
SG_006137,0.895387
SG_006140,0.917645
SG_006143,0.276724
SG_006148,0.644483
SG_006150,0.881031
SG_006151,0.726726
SG_006154,0.079795
SG_006161,0.082577
SG_006163,0.739747
SG_006169,0.620555
SG_006170,0.174392
SG_006179,0.5998
SG_006181,0.265984
SG_006184,0.162094
SG_006187,0.343108
SG_006189,0.333983
SG_006197,0.044405
SG_006202,0.197207
SG_006206,0.418118
SG_006212,0.659507
SG_006213,0.724946
SG_006218,0.169495
SG_006222,0.473819
SG_006224,0.137165
SG_006225,1.0
SG_006226,0.658672
SG_006229,0.35574
SG_006237,0.879751
SG_006238,0.203606
SG_006240,0.013077
SG_006241,0.020422
SG_006242,0.745701
SG_006244,0.835624
SG_006245,0.02415
SG_006247,0.727784
SG_006250,0.577542
SG_006251,0.116632
SG_006252,0.222581
SG_006254,0.890101
SG_006256,0.871126
SG_006260,0.198987
SG_006262,0.456569
SG_006263,0.460186
SG_006264,0.005509
SG_006266,0.972066
SG_006269,0.811808
SG_006275,0.989817
SG_006277,0.095209
SG_006283,0.234155
SG_006284,0.289912
SG_006287,0.571476
SG_006288,0.174503
SG_006300,0.357465
SG_006301,0.221746
SG_006304,0.746202
SG_006306,0.607479
SG_006313,0.517
SG_006315,0.279283
SG_006317,0.345501
SG_006320,0.37772
SG_006322,0.966335
SG_006326,0.182405
SG_006328,0.901007
SG_006331,0.103333
SG_006337,0.716822
SG_006340,0.698236
SG_006345,0.894775
SG_006348,0.051027
SG_006349,0.320739
SG_006356,0.410662
SG_006357,0.241389
SG_006358,0.568249
SG_006360,0.991653
SG_006371,0.368538
SG_006373,0.397641
SG_006380,0.78738
SG_006382,0.140226
SG_006388,0.01981
SG_006393,0.691002
SG_006394,0.198208
SG_006396,0.305492
SG_006398,0.73997
SG_006400,0.719659
SG_006403,0.452062
SG_006404,0.006399
SG_006411,0.318402
SG_006417,0.516109
SG_006418,0.855768
SG_006420,0.705359
SG_006421,0.226921
SG_006423,0.413722
SG_006424,0.655946
SG_006429,0.826888
SG_006435,0.04229
SG_006438,0.755439
SG_006439,0.863836
SG_006441,0.474487
SG_006445,0.388626
SG_006446,0.705136
SG_006448,0.477158
SG_006451,0.012798
SG_006452,0.531078
SG_006455,0.875188
SG_006463,0.947582
SG_006467,0.200935
SG_006469,0.205665
SG_006470,0.709031
SG_006477,0.722052
SG_006480,0.879584
SG_006486,0.515553
SG_006487,0.682322
SG_006488,0.818541
SG_006490,0.403372
SG_006491,0.797507
SG_006493,0.795448
SG_006494,0.670636
SG_006496,0.03667
SG_006497,0.542986
SG_006498,0.897724
SG_006500,0.591286
SG_006502,0.53731
SG_006503,0.348673
SG_006505,0.872795
SG_006506,0.720327
SG_006507,0.612431
SG_006512,0.573146
SG_006516,0.574425
SG_006520,0.202048
SG_006522,0.676813
SG_006528,0.875188
SG_006534,0.844026
SG_006535,0.754104
SG_006536,0.534083
SG_006537,0.318458
SG_006539,0.925714
SG_006541,0.080686
SG_006543,0.553058
SG_006545,0.661733
SG_006548,0.202771
SG_006550,0.004952
SG_006551,0.004897
SG_006557,0.524122
SG_006560,0.124144
SG_006564,0.983362
SG_006566,0.765734
SG_006567,0.810862
SG_006577,0.714262
SG_006579,0.106672
SG_006581,0.023315
SG_006588,0.468032
SG_006592,0.455345
SG_006597,0.056647
SG_006601,0.674754
SG_006607,0.116799
SG_006608,0.293974
SG_006610,0.01163
SG_006615,0.780869
SG_006616,0.459685
SG_006620,0.197485
SG_006622,0.130544
SG_006623,0.543264
SG_006624,0.359746
SG_006626,0.854543
SG_006627,0.959045
SG_006633,0.227756
SG_006637,0.558233
SG_006638,0.846141
SG_006639,0.78827
SG_006644,0.662456
SG_006645,0.78571
SG_006651,0.512103
SG_006659,0.401425
SG_006664,0.173891
SG_006668,0.112348
SG_006673,0.639363
SG_006687,0.253074
SG_006688,0.454232
SG_006690,0.652996
SG_006693,0.532135
SG_006698,0.611541
SG_006700,0.444939
SG_006706,0.292582
SG_006710,0.189806
SG_006713,0.591842
SG_006716,0.341439
SG_006728,0.533471
SG_006734,0.769072
SG_006736,0.890379
SG_006744,0.60414
SG_006745,0.224695
SG_006749,0.091202
SG_006758,0.105559
SG_006760,0.229926
SG_006765,0.76284
SG_006766,0.713817
SG_006769,0.699405
SG_006778,0.094986
SG_006780,0.592677
SG_006781,0.217684
SG_006786,0.659674
SG_006789,0.156753
SG_006792,0.310667
SG_006793,0.002281
SG_006800,0.852373
SG_006802,0.51099
SG_006808,0.530243
SG_006820,0.191698
SG_006833,0.60887
SG_006835,0.234934
SG_006837,0.139781
SG_006841,0.750988
SG_006847,0.230316
SG_006848,0.123755
SG_006851,0.231206
SG_006852,0.342385
SG_006860,0.148461
SG_006861,0.512047
SG_006863,0.226309
SG_006866,0.49029
SG_006868,0.350398
SG_006874,0.128207
SG_006877,0.135273
SG_006879,0.16215
SG_006880,0.186411
SG_006881,0.811975
SG_006889,0.069501
SG_006890,0.829837
SG_006897,0.971844
SG_006901,0.639976
SG_006908,0.204941
SG_006910,0.662122
SG_006914,0.946469
SG_006918,0.741472
SG_006924,0.060319
SG_006925,0.879918
SG_006927,0.667687
SG_006929,0.150409
SG_006937,0.840688
SG_006938,0.267375
SG_006940,0.396083
SG_006942,0.043403
SG_006945,0.083969
SG_006949,0.238384
SG_006950,0.811864
SG_006951,0.205386
SG_006953,0.109677
SG_006954,0.772856
SG_006956,0.78048
SG_006957,0.764176
SG_006962,0.576763
SG_006963,0.214568
SG_006964,0.120082
SG_006966,0.069723
SG_006970,0.536976
SG_006971,0.877414
SG_006972,0.664237
SG_006974,0.975961
SG_006977,0.296812
SG_006978,0.372879
SG_006981,0.484781
SG_006982,0.98275
SG_006983,0.000278
SG_006984,0.121585
SG_006987,0.68694
SG_006994,0.392855
SG_006997,0.04268
SG_007002,0.775583
SG_007005,0.545212
SG_007009,0.130933
SG_007011,0.218519
SG_007017,0.061989
SG_007018,0.042346
SG_007019,0.170831
SG_007029,0.732792
SG_007030,0.328529
SG_007033,0.522453
SG_007040,0.239219
SG_007047,0.534194
SG_007054,0.003728
SG_007055,0.988426
SG_007056,0.644371
SG_007061,0.616605
SG_007062,0.172667
SG_007067,0.392354
SG_007068,0.128373
SG_007069,0.930277
SG_007073,0.020144
SG_007075,0.381504
SG_007076,0.42385
SG_007078,0.79389
SG_007080,0.765845
SG_007091,0.296422
SG_007095,0.386456
SG_007100,0.483891
SG_007104,0.494463
SG_007112,0.687441
SG_007114,0.891102
SG_007127,0.409215
SG_007130,0.028379
SG_007133,0.745368
SG_007136,0.20355
SG_007138,0.952034
SG_007139,0.273385
SG_007143,0.5382
SG_007146,0.663513
SG_007150,0.262757
SG_007155,0.233153
SG_007157,0.772578
SG_007160,0.740638
SG_007162,0.185911
SG_007163,0.801235
SG_007166,0.795782
SG_007168,0.300651
SG_007170,0.38679
SG_007179,0.466307
SG_007181,0.299983
SG_007183,0.296978
SG_007186,0.108564
SG_007202,0.172556
SG_007203,0.770352
SG_007204,0.203049
SG_007205,0.957209
SG_007210,0.717434
SG_007212,0.413889
SG_007215,0.003116
SG_007218,0.439486
SG_007226,0.096878
SG_007229,0.690668
SG_007231,0.820043
SG_007234,0.391019
SG_007237,0.803461
SG_007239,0.164265
SG_007240,0.652774
SG_007249,0.838017
SG_007252,0.004062
SG_007255,0.278226
SG_007256,0.232319
SG_007257,0.979912
SG_007263,0.803962
SG_007264,0.349619
SG_007265,0.512771
SG_007268,0.367648
SG_007271,0.727394
SG_007275,0.691225
SG_007280,0.453564
SG_007281,0.861666
SG_007282,0.40621
SG_007283,0.041511
SG_007287,0.572756
SG_007288,0.464471
SG_007301,0.81331
SG_007307,0.078348
SG_007310,0.288799
SG_007312,0.861889
SG_007314,0.744811
SG_007319,0.327194
SG_007326,0.595793
SG_007331,0.572979
SG_007333,0.628401
SG_007334,0.696455
SG_007338,0.091759
SG_007340,0.983585
SG_007345,0.054755
SG_007349,0.648767
SG_007356,0.146291
SG_007358,0.063769
SG_007368,0.487452
SG_007370,0.540259
SG_007371,0.333816
SG_007372,0.25697
SG_007375,0.149018
SG_007378,0.681097
SG_007379,0.519838
SG_007380,0.629848
SG_007383,0.377831
SG_007384,0.848367
SG_007389,0.297257
SG_007390,0.27255
SG_007401,0.974681
SG_007403,0.701185
SG_007406,0.251349
SG_007409,0.956819
SG_007410,0.932168
SG_007413,0.588448
SG_007416,0.469868
SG_007419,0.935006
SG_007420,0.697401
SG_007423,0.781926
SG_007424,0.952924
SG_007428,0.858049
SG_007433,0.745256
SG_007434,0.014245
SG_007437,0.441545
SG_007441,0.775639
SG_007443,0.716988
SG_007450,0.046408
SG_007452,0.779255
SG_007455,0.501753
SG_007462,0.707918
SG_007464,0.966223
SG_007466,0.658394
SG_007469,0.086528
SG_007470,0.995548
SG_007472,0.303767
SG_007476,0.450504
SG_007486,0.851928
SG_007489,0.551667
SG_007490,0.167937
SG_007495,0.9724
SG_007499,0.971176
SG_007506,0.160759
SG_007508,0.248178
SG_007509,0.242335
SG_007517,0.642591
SG_007518,0.868177
SG_007522,0.863391
SG_007524,0.451116
SG_007527,0.138501
SG_007535,0.165155
SG_007540,0.636692
SG_007546,0.553169
SG_007552,0.616493
SG_007553,0.782093
SG_007557,0.690446
SG_007558,0.863391
SG_007560,0.624451
SG_007568,0.019643
SG_007571,0.989817
SG_007573,0.157365
SG_007577,0.180903
SG_007578,0.555005
SG_007579,0.024651
SG_007582,0.711869
SG_007586,0.135663
SG_007587,0.7447
SG_007589,0.69473
SG_007591,0.223193
SG_007595,0.162428
SG_007597,0.685159
SG_007599,0.227589
SG_007602,0.48122
SG_007605,0.261143
SG_007609,0.03194
SG_007614,0.896556
SG_007620,0.182461
SG_007628,0.98965
SG_007630,0.580324
SG_007646,0.495465
SG_007648,0.185187
SG_007654,0.604696
SG_007655,0.738022
SG_007656,0.935897
SG_007657,0.779645
SG_007658,0.718268
SG_007659,0.564854
SG_007660,0.348339
SG_007663,0.107006
SG_007665,0.864727
SG_007667,0.392744
SG_007670,0.417339
SG_007678,0.252073
SG_007679,0.926326
SG_007681,0.04051
SG_007685,0.612042
SG_007686,0.835847
SG_007687,0.355629
SG_007688,0.126815
SG_007691,0.358522
SG_007696,0.307217
SG_007698,0.36915
SG_007700,0.739024
SG_007703,0.125035
SG_007704,0.12804
SG_007706,0.878081
SG_007711,0.350899
SG_007712,0.789494
SG_007714,0.223193
SG_007717,0.622002
SG_007719,0.64593
SG_007720,0.220411
SG_007721,0.450225
SG_007728,0.802849
SG_007737,0.857047
SG_007741,0.247232
SG_007742,0.154749
SG_007744,0.479272
SG_007746,0.814256
SG_007748,0.072561
SG_007750,0.575371
SG_007751,0.14184
SG_007752,0.039564
SG_007758,0.81843
SG_007760,0.134828
SG_007762,0.802293
SG_007770,0.161816
SG_007772,0.369595
SG_007776,0.013077
SG_007780,0.679205
SG_007781,0.195815
SG_007782,0.625675
SG_007787,0.563742
SG_007800,0.826164
SG_007801,0.800679
SG_007804,0.127706
SG_007805,0.818764
SG_007807,0.230816
SG_007808,0.873129
SG_007813,0.382338
SG_007815,0.321741
SG_007817,0.30872
SG_007818,0.798564
SG_007820,0.572756
SG_007822,0.579211
SG_007823,0.363641
SG_007824,0.283902
SG_007834,0.200712
SG_007836,0.351344
SG_007839,0.671304
SG_007842,0.012687
SG_007844,0.298036
SG_007846,0.210728
SG_007849,0.184019
SG_007858,0.780535
SG_007864,0.876189
SG_007866,0.479606
SG_007875,0.72272
SG_007876,0.621946
SG_007880,0.329197
SG_007884,0.593846
SG_007889,0.783262
SG_007892,0.295253
SG_007897,0.504424
SG_007898,0.345501
SG_007899,0.537533
SG_007901,0.512158
SG_007908,0.793111
SG_007910,0.186634
SG_007922,0.353514
SG_007923,0.050303
SG_007926,0.819988
SG_007931,0.723276
SG_007933,0.785154
SG_007939,0.719548
SG_007940,0.086751
SG_007946,0.640142
SG_007947,0.643926
SG_007948,0.453787
SG_007954,0.060876
SG_007957,0.300874
SG_007960,0.841244
SG_007964,0.26949
SG_007965,0.226921
SG_007980,0.92538
SG_007985,0.369429
SG_007992,0.12292
SG_007996,0.606088
SG_007998,0.38679
SG_007999,0.08191
SG_008014,0.521896
SG_008015,0.151466
SG_008020,0.429915
SG_008026,0.596461
SG_008033,0.487786
SG_008043,0.128763
SG_008050,0.282789
SG_008055,0.468477
SG_008056,0.888264
SG_008058,0.457404
SG_008067,0.286517
SG_008074,0.696789
SG_008076,0.734461
SG_008081,0.723165
SG_008091,0.243615
SG_008099,0.639196
SG_008100,0.507206
SG_008101,0.413333
SG_008104,0.879695
SG_008115,0.468811
SG_008117,0.123866
SG_008118,0.265762
SG_008127,0.204218
SG_008131,0.417784
SG_008133,0.325747
SG_008137,0.848923
SG_008140,0.767459
SG_008141,0.608258
SG_008145,0.194369
SG_008152,0.574147
SG_008156,0.844416
SG_008160,0.326137
SG_008164,0.770575
SG_008167,0.653386
SG_008175,0.194146
SG_008176,0.813589
SG_008183,0.890435
SG_008188,0.671248
SG_008191,0.149185
SG_008192,0.606199
SG_008193,0.289689
SG_008195,0.810862
SG_008202,0.73396
SG_008213,0.53642
SG_008217,0.970285
SG_008224,0.232986
SG_008228,0.387736
SG_008229,0.101274
SG_008237,0.340382
SG_008242,0.040732
SG_008246,0.423905
SG_008248,0.240554
SG_008249,0.888932
SG_008253,0.309999
SG_008257,0.798787
SG_008261,0.720884
SG_008264,0.373268
SG_008265,0.584887
SG_008281,0.721607
SG_008283,0.02504
SG_008287,0.113572
SG_008291,0.963274
SG_008293,0.75633
SG_008294,0.267375
SG_008296,0.273941
SG_008298,0.657448
SG_008309,0.479829
SG_008310,0.570141
SG_008312,0.498525
SG_008316,0.700907
SG_008317,0.04574
SG_008318,0.226365
SG_008327,0.456903
SG_008330,0.795281
SG_008333,0.019698
SG_008336,0.501753
SG_008345,0.30054
SG_008347,0.260698
SG_008355,0.834344
SG_008358,0.673919
SG_008359,0.900284
SG_008360,0.310445
SG_008361,0.125981
SG_008362,0.660787
SG_008365,0.179511
SG_008366,0.840187
SG_008375,0.662846
SG_008376,0.482388
SG_008382,0.052807
SG_008383,0.499416
SG_008388,0.733571
SG_008389,0.956764
SG_008392,0.666017
SG_008396,0.322575
SG_008402,0.252462
SG_008410,0.191586
SG_008413,0.767848
SG_008417,0.713872
SG_008420,0.928663
SG_008422,0.732458
SG_008435,0.54677
SG_008440,0.090479
SG_008441,0.504257
SG_008442,0.278504
SG_008443,0.057704
SG_008444,0.48595
SG_008449,0.582049
SG_008452,0.829336
SG_008457,0.412832
SG_008459,0.887764
SG_008462,0.185911
SG_008467,0.637305
SG_008468,0.302376
SG_008478,0.08191
SG_008482,0.977686
SG_008484,0.992989
SG_008485,0.723165
SG_008494,0.23499
SG_008497,0.283123
SG_008498,0.633298
SG_008500,0.846697
SG_008501,0.606421
SG_008504,0.488621
SG_008506,0.891826
SG_008512,0.856992
SG_008514,0.992544
SG_008517,0.584275
SG_008522,0.809972
SG_008527,0.441322
SG_008529,0.580491
SG_008531,0.109232
SG_008534,0.98186
SG_008535,0.121251
SG_008536,0.207946
SG_008538,0.679317
SG_008541,0.094263
SG_008542,0.415002
SG_008545,0.990985
SG_008547,0.743643
SG_008549,0.838239
SG_008550,0.05175
SG_008551,0.738356
SG_008553,0.194703
SG_008555,0.063324
SG_008557,0.665405
SG_008561,0.02632
SG_008564,0.237661
SG_008565,0.928885
SG_008568,0.482945
SG_008569,0.286072
SG_008570,0.843804
SG_008572,0.706416
SG_008574,0.779144
SG_008575,0.476212
SG_008576,0.00996
SG_008577,0.775138
SG_008580,0.544989
SG_008586,0.406766
SG_008594,0.600412
SG_008598,0.147571
SG_008600,0.516721
SG_008614,0.606088
SG_008615,0.952034
SG_008617,0.395025
SG_008624,0.565188
SG_008630,0.799789
SG_008635,0.111402
SG_008636,0.190418
SG_008639,0.907128
SG_008645,0.07462
SG_008646,0.468811
SG_008650,0.909632
SG_008653,0.844249
SG_008669,0.439208
SG_008671,0.609204
SG_008689,0.635691
SG_008691,0.830839
SG_008693,0.770519
SG_008708,0.697123
SG_008714,0.664626
SG_008726,0.060208
SG_008727,0.977408
SG_008729,0.024484
SG_008734,0.841745
SG_008735,0.328585
SG_008737,0.977853
SG_008739,0.041344
SG_008745,0.977019
SG_008749,0.14924
SG_008755,0.292304
SG_008759,0.223805
SG_008766,0.239274
SG_008769,0.339547
SG_008770,0.140337
SG_008771,0.01814
SG_008773,0.916365
SG_008774,0.490067
SG_008776,0.321351
SG_008777,0.762395
SG_008780,0.701018
SG_008782,0.525903
SG_008784,0.316677
SG_008785,0.637249
SG_008787,0.220522
SG_008789,0.817762
SG_008793,0.358299
SG_008798,0.431807
SG_008810,0.462968
SG_008816,0.866285
SG_008823,0.757331
SG_008824,0.522286
SG_008825,0.809749
SG_008828,0.763063
SG_008836,0.387235
SG_008839,0.197429
SG_008840,0.118302
SG_008841,0.118636
SG_008843,0.641923
SG_008844,0.766179
SG_008845,0.722553
SG_008849,0.522063
SG_008850,0.290468
SG_008853,0.431974
SG_008855,0.195537
SG_008859,0.385065
SG_008862,0.644872
SG_008864,0.149352
SG_008865,0.125202
SG_008866,0.045796
SG_008867,0.989928
SG_008869,0.944188
SG_008876,0.834901
SG_008881,0.536531
SG_008883,0.435479
SG_008888,0.094597
SG_008889,0.908742
SG_008895,0.7102
SG_008897,0.653052
SG_008901,0.343442
SG_008905,0.178287
SG_008907,0.156252
SG_008908,0.021869
SG_008910,0.174949
SG_008913,0.574926
SG_008914,0.272495
SG_008917,0.376662
SG_008919,0.154582
SG_008920,0.953592
SG_008925,0.529408
SG_008926,0.765289
SG_008927,0.436704
SG_008930,0.389516
SG_008932,0.114073
SG_008934,0.864393
SG_008937,0.023204
SG_008940,0.660286
SG_008943,0.244394
SG_008947,0.209337
SG_008955,0.725335
SG_008960,0.780925
SG_008962,0.028657
SG_008964,0.501864
SG_008965,0.140615
SG_008966,0.098993
SG_008971,0.118302
SG_008972,0.282511
SG_008976,0.762673
SG_008978,0.300262
SG_008983,0.444605
SG_008989,0.976239
SG_008990,0.254744
SG_008994,0.833064
SG_008996,0.670191
SG_008998,0.385176
SG_008999,0.136442
SG_009001,0.78098
SG_009005,0.185243
SG_009006,0.107117
SG_009011,0.602415
SG_009017,0.474487
SG_009018,0.515942
SG_009032,0.191753
SG_009034,0.221969
SG_009043,0.931668
SG_009047,0.150131
SG_009048,0.028268
SG_009053,0.268989
SG_009055,0.199377
SG_009058,0.155139
SG_009063,0.952089
SG_009064,0.884536
SG_009065,0.971231
SG_009069,0.675366
SG_009070,0.54421
SG_009072,0.631573
SG_009075,0.270324
SG_009079,0.133493
SG_009080,0.858494
SG_009081,0.255022
SG_009083,0.305437
SG_009085,0.386623
SG_009091,0.750765
SG_009093,0.535084
SG_009100,0.00907
SG_009109,0.683768
SG_009115,0.663569
SG_009119,0.507373
SG_009120,0.772022
SG_009123,0.419287
SG_009124,0.363141
SG_009127,0.049135
SG_009128,0.043515
SG_009135,0.55584
SG_009136,0.844305
SG_009139,0.124311
SG_009146,0.981192
SG_009147,0.580825
SG_009149,0.155417
SG_009150,0.811085
SG_009152,0.97713
SG_009153,0.153414
SG_009159,0.770297
SG_009168,0.529798
SG_009169,0.906739
SG_009170,0.442435
SG_009172,0.019643
SG_009176,0.318402
SG_009179,0.469479
SG_009183,0.545713
SG_009193,0.505648
SG_009196,0.804741
SG_009199,0.683768
SG_009202,0.509599
SG_009203,0.430471
SG_009204,0.335763
SG_009206,0.295921
SG_009207,0.634578
SG_009209,0.297646
SG_009210,0.588893
SG_009214,0.842357
SG_009220,0.457292
SG_009223,0.173557
SG_009224,0.558567
SG_009225,0.160815
SG_009226,0.987925
SG_009229,0.444438
SG_009230,0.762117
SG_009236,0.712203
SG_009242,0.239274
SG_009246,0.862111
SG_009250,0.701853
SG_009253,0.964665
SG_009266,0.973791
SG_009268,0.343999
SG_009272,0.894052
SG_009273,0.098603
SG_009274,0.610261
SG_009277,0.869401
SG_009278,0.615158
SG_009279,0.448389
SG_009280,0.234099
SG_009281,0.144622
SG_009289,0.897613
SG_009290,0.962106
SG_009299,0.204329
SG_009300,0.447443
SG_009305,0.118469
SG_009307,0.775861
SG_009319,0.131434
SG_009328,0.176228
SG_009333,0.232263
SG_009335,0.160926
SG_009341,0.567303
SG_009347,0.638473
SG_009354,0.685159
SG_009355,0.905626
SG_009357,0.653831
SG_009362,0.642257
SG_009363,0.980023
SG_009365,0.161761
SG_009366,0.92666
SG_009367,0.434033
SG_009370,0.655222
SG_009386,0.26821
SG_009392,0.190807
SG_009398,0.337544
SG_009400,0.285961
SG_009402,0.441823
SG_009403,0.31178
SG_009404,0.607868
SG_009406,0.501252
SG_009407,0.848812
SG_009408,0.020477
SG_009409,0.015525
SG_009410,0.905014
SG_009411,0.653497
SG_009412,0.472428
SG_009413,0.309721
SG_009415,0.438039
SG_009417,0.736464
SG_009419,0.383729
SG_009425,0.77575
SG_009426,0.775972
SG_009427,0.609315
SG_009429,0.077792
SG_009434,0.729898
SG_009438,0.26042
SG_009441,0.44978
SG_009442,0.104891
SG_009444,0.82967
SG_009445,0.894831
SG_009446,0.383785
SG_009447,0.126482
SG_009449,0.344388
SG_009455,0.392633
SG_009458,0.775972
SG_009461,0.952312
SG_009462,0.957932
SG_009466,0.428913
SG_009473,0.535696
SG_009478,0.739692
SG_009479,0.332703
SG_009481,0.40493
SG_009485,0.255467
SG_009490,0.565522
SG_009496,0.139113
SG_009500,0.338824
SG_009502,0.992154
SG_009504,0.532191
SG_009505,0.280953
SG_009516,0.295754
SG_009518,0.65934
SG_009519,0.970452
SG_009528,0.057537
SG_009529,0.687497
SG_009530,0.112181
SG_009533,0.725669
SG_009537,0.063658
SG_009539,0.543709
SG_009540,0.265261
SG_009541,0.538367
SG_009544,0.428079
SG_009556,0.703411
SG_009558,0.411608
SG_009566,0.054588
SG_009567,0.634133
SG_009569,0.145512
SG_009573,0.368761
SG_009577,0.205386
SG_009581,0.095376
SG_009582,0.357465
SG_009584,0.514663
SG_009585,0.510044
SG_009589,0.558455
SG_009592,0.062935
SG_009593,0.49975
SG_009602,0.077848
SG_009614,0.281231
SG_009616,0.972456
SG_009618,0.969284
SG_009619,0.47176
SG_009620,0.29019
SG_009622,0.11513
SG_009630,0.865394
SG_009632,0.260587
SG_009639,0.299538
SG_009649,0.870124
SG_009651,0.387179
SG_009661,0.494575
SG_009670,0.059373
SG_009671,0.595459
SG_009679,0.737021
SG_009681,0.392299
SG_009683,0.32597
SG_009687,0.80463
SG_009690,0.600913
SG_009691,0.965166
SG_009694,0.368761
SG_009696,0.970842
SG_009701,0.866507
SG_009702,0.45835
SG_009707,0.395359
SG_009716,0.168605
SG_009718,0.445329
SG_009727,0.542708
SG_009736,0.296589
SG_009741,0.250459
SG_009744,0.718435
SG_009746,0.328028
SG_009747,0.645317
SG_009751,0.182238
SG_009754,0.700017
SG_009757,0.256636
SG_009759,0.804351
SG_009760,0.745479
SG_009762,0.118691
SG_009763,0.461021
SG_009766,0.325246
SG_009776,0.684102
SG_009778,0.905014
SG_009780,0.874965
SG_009782,0.880585
SG_009783,0.20444
SG_009785,0.342774
SG_009786,0.913138
SG_009791,0.338323
SG_009794,0.14273
SG_009795,0.795671
SG_009799,0.488064
SG_009800,0.940515
SG_009814,0.533638
SG_009819,0.089477
SG_009824,0.6205
SG_009825,0.770018
SG_009829,0.94697
SG_009834,0.578265
SG_009837,0.849814
SG_009838,0.434812
SG_009843,0.314228
SG_009845,0.221969
SG_009851,0.746647
SG_009855,0.946692
SG_009856,0.879918
SG_009862,0.326693
SG_009865,0.272773
SG_009867,0.597407
SG_009868,0.701185
SG_009869,0.393801
SG_009870,0.813199
SG_009875,0.090312
SG_009876,0.547215
SG_009877,0.745201
SG_009878,0.918535
SG_009880,0.598798
SG_009881,0.189027
SG_009895,0.994602
SG_009905,0.27383
SG_009909,0.158811
SG_009914,0.644483
SG_009916,0.675588
SG_009921,0.222636
SG_009923,0.555005
SG_009926,0.738356
SG_009929,0.89739
SG_009932,0.690557
SG_009933,0.647988
SG_009935,0.104891
SG_009936,0.37082
SG_009937,0.132603
SG_009941,0.544878
SG_009942,0.382895
SG_009953,0.769684
SG_009956,0.177508
SG_009959,0.205164
SG_009964,0.432975
SG_009972,0.910578
SG_009977,0.614267
SG_009979,0.872739
SG_009982,0.329086
SG_009985,0.893606
SG_009987,0.048077
SG_009989,0.906627
SG_009993,0.333315
SG_009997,0.776028
SG_009999,0.542485
SG_010002,0.823827
SG_010007,0.801736
SG_010008,0.280174
SG_010009,0.09098
SG_010010,0.680263
SG_010011,0.441322
SG_010012,0.268989
SG_010014,0.516443
SG_010015,0.671304
SG_010019,0.264426
SG_010020,0.18975
SG_010021,0.078515
SG_010024,0.4209
SG_010025,0.389683
SG_010034,0.288242
SG_010037,0.613043
SG_010038,0.143398
SG_010042,0.86289
SG_010045,0.501141
SG_010047,0.353458
SG_010048,0.846085
SG_010050,0.681542
SG_010052,0.592288
SG_010058,0.656335
SG_010061,0.853097
SG_010068,0.692171
SG_010069,0.188971
SG_010074,0.422125
SG_010078,0.283679
SG_010081,0.068388
SG_010084,0.227311
SG_010085,0.609816
SG_010086,0.992321
SG_010088,0.483946
SG_010091,0.189639
SG_010092,0.932725
SG_010099,0.78443
SG_010101,0.117244
SG_010103,0.370597
SG_010104,0.817205
SG_010106,0.911023
SG_010109,0.073007
SG_010115,0.18068
SG_010116,0.926771
SG_010117,0.795226
SG_010123,0.955428
SG_010130,0.073396
SG_010132,0.071226
SG_010134,0.523121
SG_010142,0.897112
SG_010144,0.060152
SG_010146,0.42129
SG_010151,0.159535
SG_010153,0.991931
SG_010155,0.850036
SG_010157,0.542263
SG_010165,0.094486
SG_010166,0.484837
SG_010169,0.155918
SG_010170,0.395025
SG_010172,0.530688
SG_010173,0.698403
SG_010174,0.406377
SG_010175,0.504925
SG_010176,0.780869
SG_010182,0.024261
SG_010183,0.293028
SG_010184,0.58216
SG_010187,0.547271
SG_010195,0.216627
SG_010198,0.445607
SG_010199,0.361749
SG_010200,0.10389
SG_010204,0.714818
SG_010206,0.581047
SG_010208,0.483724
SG_010209,0.209671
SG_010210,0.711424
SG_010213,0.48595
SG_010217,0.428802
SG_010226,0.839631
SG_010227,0.375494
SG_010234,0.169829
SG_010235,0.288242
SG_010238,0.98659
SG_010241,0.684269
SG_010242,0.007623
SG_010243,0.238774
SG_010246,0.87541
SG_010252,0.959101
SG_010253,0.977519
SG_010256,0.429971
SG_010257,0.516443
SG_010258,0.021479
SG_010259,0.99527
SG_010261,0.469701
SG_010263,0.310445
SG_010265,0.228034
SG_010267,0.308052
SG_010271,0.728507
SG_010273,0.532636
SG_010274,0.560069
SG_010277,0.839352
SG_010284,0.108508
SG_010286,0.348228
SG_010287,0.975071
SG_010288,0.416616
SG_010293,0.286628
SG_010294,0.727172
SG_010298,0.299204
SG_010306,0.731067
SG_010313,0.261922
SG_010315,0.932614
SG_010316,0.540983
SG_010319,0.117578
SG_010320,0.859551
SG_010322,0.346725
SG_010323,0.94352
SG_010326,0.05047
SG_010328,0.645039
SG_010329,0.97151
SG_010330,0.52607
SG_010332,0.102165
SG_010336,0.825775
SG_010344,0.589505
SG_010347,0.901397
SG_010350,0.573368
SG_010352,0.982639
SG_010354,0.745646
SG_010358,0.759891
SG_010371,0.367425
SG_010373,0.496244
SG_010379,0.262089
SG_010386,0.340493
SG_010393,0.043403
SG_010394,0.583496
SG_010399,0.945468
SG_010401,0.370987
SG_010404,0.089477
SG_010406,0.695732
SG_010407,0.351733
SG_010409,0.973457
SG_010412,0.527962
SG_010418,0.159535
SG_010420,0.10606
SG_010424,0.849869
SG_010425,0.478716
SG_010428,0.941851
SG_010430,0.960158
SG_010431,0.891047
SG_010435,0.160759
SG_010442,0.964777
SG_010455,0.728674
SG_010459,0.405208
SG_010460,0.897835
SG_010461,0.785098
SG_010462,0.582271
SG_010465,0.116688
SG_010467,0.648322
SG_010469,0.868065
SG_010470,0.749318
SG_010472,0.181236
SG_010475,0.805019
SG_010477,0.845473
SG_010481,0.919314
SG_010482,0.590563
SG_010483,0.452896
SG_010485,0.770909
SG_010486,0.313116
SG_010487,0.877581
SG_010490,0.542596
SG_010492,0.239163
SG_010493,0.714651
SG_010495,0.047911
SG_010498,0.323354
SG_010499,0.081409
SG_010501,0.762228
SG_010503,0.157699
SG_010505,0.205108
SG_010506,0.172834
SG_010507,0.170163
SG_010509,0.759724
SG_010510,0.263536
SG_010515,0.948973
SG_010517,0.935118
SG_010518,0.821212
SG_010531,0.499861
SG_010546,0.830393
SG_010547,0.572534
SG_010550,0.810027
SG_010552,0.312559
SG_010553,0.356964
SG_010555,0.690167
SG_010561,0.359858
SG_010562,0.067442
SG_010563,0.714095
SG_010569,0.621724
SG_010571,0.519448
SG_010577,0.254632
SG_010578,0.334261
SG_010579,0.716488
SG_010582,0.342608
SG_010585,0.932002
SG_010586,0.868065
SG_010588,0.299594
SG_010589,0.171554
SG_010590,0.750153
SG_010592,0.945078
SG_010594,0.501085
SG_010598,0.884981
SG_010600,0.208391
SG_010607,0.076735
SG_010611,0.840243
SG_010615,0.793445
SG_010616,0.664348
SG_010619,0.458238
SG_010627,0.397641
SG_010634,0.078738
SG_010635,0.073118
SG_010636,0.369874
SG_010649,0.910467
SG_010651,0.403094
SG_010653,0.609705
SG_010655,0.245729
SG_010659,0.320962
SG_010662,0.917367
SG_010664,0.911914
SG_010666,0.037115
SG_010668,0.626565
SG_010670,0.724
SG_010673,0.778643
SG_010674,0.401035
SG_010679,0.773357
SG_010684,0.832731
SG_010685,0.225141
SG_010690,0.134439
SG_010696,0.555395
SG_010700,0.746981
SG_010707,0.317345
SG_010708,0.248289
SG_010713,0.565522
SG_010717,0.287074
SG_010718,0.281453
SG_010721,0.910578
SG_010722,0.317066
SG_010726,0.973235
SG_010729,0.118023
SG_010733,0.365088
SG_010734,0.748428
SG_010737,0.305325
SG_010739,0.168994
SG_010745,0.777308
SG_010752,0.404095
SG_010753,0.754827
SG_010757,0.328195
SG_010760,0.467253
SG_010763,0.358244
SG_010769,0.646931
SG_010772,0.9448
SG_010773,0.281342
SG_010774,0.571866
SG_010781,0.330143
SG_010784,0.062044
SG_010789,0.134717
SG_010791,0.569195
SG_010795,0.967114
SG_010796,0.40315
SG_010798,0.281899
SG_010801,0.462022
SG_010803,0.988982
SG_010808,0.323966
SG_010809,0.198264
SG_010810,0.953703
SG_010814,0.875132
SG_010816,0.050637
SG_010818,0.088142
SG_010824,0.845418
SG_010828,0.841578
SG_010830,0.982305
SG_010831,0.541984
SG_010837,0.808024
SG_010843,0.463858
SG_010844,0.940682
SG_010845,0.205053
SG_010846,0.336097
SG_010847,0.789383
SG_010853,0.324412
SG_010857,0.022815
SG_010860,0.439486
SG_010863,0.356908
SG_010865,0.391854
SG_010870,0.903289
SG_010871,0.706861
SG_010872,0.26003
SG_010876,0.953592
SG_010881,0.147905
SG_010882,0.220355
SG_010884,0.862111
SG_010887,0.383618
SG_010888,0.726893
SG_010889,0.821212
SG_010894,0.652718
SG_010896,0.734739
SG_010898,0.227255
SG_010902,0.356185
SG_010904,0.680597
SG_010907,0.797674
SG_010911,0.04741
SG_010922,0.85126
SG_010930,0.047187
SG_010946,0.876968
SG_010951,0.010684
SG_010956,0.836236
SG_010960,0.934227
SG_010961,0.512993
SG_010962,0.431529
SG_010969,0.537533
SG_010971,0.136053
SG_010973,0.83095
SG_010974,0.260587
SG_010977,0.107173
SG_010982,0.082689
SG_010985,0.207668
SG_010986,0.269712
SG_010987,0.718101
SG_010993,0.211786
SG_010995,0.008291
SG_010998,0.971677
SG_011003,0.319682
SG_011010,0.01814
SG_011012,0.543932
SG_011016,0.175728
SG_011017,0.618107
SG_011025,0.511769
SG_011031,0.696288
SG_011050,0.070558
SG_011052,0.619164
SG_011053,0.63903
SG_011055,0.355907
SG_011057,0.841856
SG_011060,0.181181
SG_011073,0.534305
SG_011075,0.863113
SG_011077,0.16994
SG_011088,0.136887
SG_011089,0.461855
SG_011097,0.112626
SG_011107,0.327138
SG_011110,0.292694
SG_011117,0.390741
SG_011120,0.843136
SG_011132,0.615436
SG_011133,0.026376
SG_011139,0.996995
SG_011143,0.963831
SG_011144,0.372489
SG_011147,0.647098
SG_011148,0.435702
SG_011151,0.090423
SG_011152,0.931556
SG_011154,0.65244
SG_011158,0.42691
SG_011159,0.893718
SG_011160,0.783818
SG_011161,0.614657
SG_011162,0.27383
SG_011164,0.290134
SG_011169,0.418841
SG_011170,0.095376
SG_011175,0.646597
SG_011176,0.768071
SG_011177,0.551945
SG_011182,0.730844
SG_011184,0.466863
SG_011186,0.349841
SG_011190,0.016694
SG_011192,0.821935
SG_011199,0.127873
SG_011200,0.108063
SG_011201,0.33287
SG_011203,0.216126
SG_011208,0.992599
SG_011212,0.395637
SG_011214,0.471649
SG_011221,0.92666
SG_011222,0.84603
SG_011224,0.210061
SG_011226,0.984531
SG_011235,0.384787
SG_011239,0.203828
SG_011250,0.170219
SG_011257,0.481498
SG_011259,0.37043
SG_011261,0.490067
SG_011262,0.846197
SG_011266,0.76323
SG_011274,0.223861
SG_011275,0.229091
SG_011279,0.075177
SG_011280,0.312225
SG_011285,0.073173
SG_011291,0.276612
SG_011294,0.682488
SG_011298,0.620388
SG_011303,0.348506
SG_011304,0.115408
SG_011306,0.275221
SG_011307,0.388292
SG_011308,0.831506
SG_011309,0.626788
SG_011310,0.313171
SG_011312,0.98236
SG_011313,0.999054
SG_011327,0.181904
SG_011333,0.548662
SG_011335,0.886261
SG_011337,0.201157
SG_011340,0.062935
SG_011343,0.085471
SG_011345,0.089199
SG_011347,0.354404
SG_011350,0.396027
SG_011357,0.708363
SG_011360,0.693005
SG_011361,0.946135
SG_011367,0.043348
SG_011371,0.196928
SG_011376,0.447054
SG_011377,0.933059
SG_011380,0.339937
SG_011381,0.262089
SG_011383,0.342886
SG_011398,0.726893
SG_011401,0.402204
SG_011413,0.437928
SG_011416,0.160926
SG_011420,0.702966
SG_011429,0.612988
SG_011432,0.358856
SG_011437,0.302821
SG_011443,0.175394
SG_011447,0.835012
SG_011450,0.303211
SG_011457,0.337154
SG_011458,0.339881
SG_011460,0.170219
SG_011464,0.28073
SG_011468,0.314729
SG_011469,0.660787
SG_011473,0.965333
SG_011475,0.743754
SG_011479,0.931167
SG_011482,0.949307
SG_011483,0.951144
SG_011492,0.253186
SG_011493,0.515831
SG_011497,0.067052
SG_011503,0.49029
SG_011504,0.540593
SG_011505,0.659896
SG_011512,0.644594
SG_011519,0.58472
SG_011526,0.503645
SG_011527,0.4416
SG_011528,0.600412
SG_011532,0.322297
SG_011541,0.641645
SG_011544,0.350454
SG_011547,0.965444
SG_011548,0.965166
SG_011552,0.532747
SG_011566,0.594513
SG_011567,0.901953
SG_011569,0.763452
SG_011575,0.200323
SG_011576,0.888932
SG_011577,0.047966
SG_011581,0.285293
SG_011584,0.976295
SG_011586,0.876022
SG_011593,0.746592
SG_011597,0.39369
SG_011598,0.824662
SG_011602,0.686272
SG_011605,0.763897
SG_011607,0.129041
SG_011612,0.974125
SG_011616,0.302599
SG_011617,0.241055
SG_011620,0.903456
SG_011622,0.49335
SG_011625,0.52696
SG_011626,0.496578
SG_011627,0.80246
SG_011632,0.966835
SG_011633,0.691225
SG_011635,0.887541
SG_011638,0.738857
SG_011640,0.609426
SG_011645,0.367537
SG_011649,0.822158
SG_011656,0.389183
SG_011662,0.127316
SG_011663,0.7033
SG_011666,0.310055
SG_011672,0.205275
SG_011673,0.660397
SG_011676,0.884314
SG_011678,0.605921
SG_011682,0.390796
SG_011683,0.031718
SG_011684,0.042012
SG_011691,0.604029
SG_011694,0.034277
SG_011695,0.410717
SG_011697,0.612264
SG_011699,0.33849
SG_011701,0.620667
SG_011704,0.832007
SG_011705,0.372378
SG_011708,0.333871
SG_011714,0.950754
SG_011715,0.491904
SG_011720,0.543654
SG_011721,0.02504
SG_011727,0.205498
SG_011728,0.529854
SG_011729,0.074119
SG_011731,0.11079
SG_011736,0.593734
SG_011737,0.148517
SG_011747,0.40276
SG_011749,0.817706
SG_011750,0.477158
SG_011752,0.621946
SG_011757,0.942407
SG_011764,0.477825
SG_011767,0.023816
SG_011769,0.948639
SG_011770,0.726671
SG_011772,0.909521
SG_011773,0.450003
SG_011777,0.185521
SG_011779,0.172333
SG_011780,0.874353
SG_011786,0.8206
SG_011787,0.884035
SG_011789,0.07501
SG_011796,0.003394
SG_011799,0.298648
SG_011801,0.440877
SG_011802,0.760169
SG_011806,0.000556
SG_011812,0.5589
SG_011814,0.861443
SG_011815,0.662512
SG_011816,0.930165
SG_011830,0.738468
SG_011833,0.214011
SG_011843,0.777141
SG_011853,0.789884
SG_011855,0.862723
SG_011858,0.305103
SG_011861,0.158255
SG_011863,0.810695
SG_011864,0.884147
SG_011868,0.733626
SG_011869,0.462634
SG_011871,0.981248
SG_011886,0.377942
SG_011889,0.241778
SG_011890,0.689611
SG_011894,0.245952
SG_011896,0.091703
SG_011898,0.293584
SG_011900,0.548773
SG_011918,0.91848
SG_011922,0.461633
SG_011925,0.224918
SG_011926,0.708252
SG_011927,0.807134
SG_011931,0.287853
SG_011933,0.281899
SG_011936,0.046519
SG_011939,0.144177
SG_011940,0.211118
SG_011953,0.508152
SG_011955,0.777141
SG_011956,0.421234
SG_011959,0.237939
SG_011961,0.750932
SG_011962,0.97023
SG_011966,0.998052
SG_011969,0.373546
SG_011971,0.205553
SG_011977,0.499416
SG_011978,0.0966
SG_011983,0.186801
SG_011986,0.582717
SG_011988,0.545434
SG_011993,0.73307
SG_011995,0.797285
SG_011996,0.221301
SG_011997,0.218018
SG_012000,0.380947
SG_012013,0.420622
SG_012018,0.057203
SG_012019,0.595292
SG_012020,0.479383
SG_012022,0.638084
SG_012031,0.299149
SG_012040,0.441767
SG_012041,0.019365
SG_012048,0.040844
SG_012050,0.03834
SG_012051,0.169829
SG_012052,0.936509
SG_012064,0.669245
SG_012066,0.333593
SG_012068,0.185521
SG_012076,0.838907
SG_012077,0.070781
SG_012078,0.196873
SG_012079,0.026877
SG_012080,0.846864
SG_012081,0.189528
SG_012082,0.528463
SG_012086,0.402204
SG_012089,0.609983
SG_012097,0.056702
SG_012104,0.713984
SG_012108,0.421457
SG_012113,0.615269
SG_012119,0.995381
SG_012124,0.804518
SG_012125,0.642646
SG_012141,0.844917
SG_012143,0.272161
SG_012145,0.067442
SG_012148,0.274164
SG_012150,0.449891
SG_012162,0.316065
SG_012165,0.290023
SG_012166,0.582828
SG_012167,0.588392
SG_012168,0.176674
SG_012169,0.279005
SG_012170,0.068555
SG_012175,0.05954
SG_012176,0.102665
SG_012177,0.48556
SG_012181,0.691559
SG_012186,0.978465
SG_012190,0.297924
SG_012192,0.952924
SG_012194,0.495576
SG_012195,0.708809
SG_012198,0.353625
SG_012199,0.037282
SG_012205,0.996272
SG_012206,0.552
SG_012211,0.074175
SG_012212,0.80936
SG_012213,0.22297
SG_012216,0.560792
SG_012217,0.91375
SG_012218,0.807412
SG_012220,0.193256
SG_012225,0.667631
SG_012230,0.527071
SG_012232,0.107673
SG_012234,0.700629
SG_012238,0.391297
SG_012241,0.365422
SG_012243,0.113739
SG_012247,0.485894
SG_012253,0.720605
SG_012258,0.82021
SG_012260,0.692171
SG_012263,0.096656
SG_012264,0.459518
SG_012266,0.97585
SG_012270,0.15052
SG_012272,0.027544
SG_012276,0.891102
SG_012277,0.116799
SG_012278,0.643982
SG_012279,0.820711
SG_012280,0.773134
SG_012281,0.978521
SG_012283,0.969562
SG_012284,0.711146
SG_012285,0.168883
SG_012290,0.417283
SG_012293,0.304769
SG_012301,0.872517
SG_012305,0.779255
SG_012307,0.736743
SG_012308,0.654109
SG_012310,0.81203
SG_012312,0.974125
SG_012313,0.422625
SG_012316,0.546436
SG_012321,0.62011
SG_012322,0.849591
SG_012326,0.641367
SG_012334,0.294697
SG_012336,0.339658
SG_012337,0.306494
SG_012339,0.985365
SG_012340,0.469979
SG_012345,0.171665
SG_012355,0.802126
SG_012362,0.740805
SG_012363,0.69985
SG_012368,0.686105
SG_012375,0.22681
SG_012378,0.190974
SG_012381,0.22208
SG_012384,0.035669
SG_012390,0.447666
SG_012393,0.215848
SG_012397,0.154582
SG_012400,0.505982
SG_012402,0.561627
SG_012410,0.633076
SG_012414,0.159312
SG_012419,0.671471
SG_012420,0.926493
SG_012422,0.735908
SG_012423,0.85855
SG_012424,0.069668
SG_012427,0.127372
SG_012432,0.393523
SG_012436,0.891381
SG_012437,0.80552
SG_012438,0.917701
SG_012444,0.662901
SG_012446,0.054811
SG_012452,0.968004
SG_012453,0.481387
SG_012456,0.298703
SG_012459,0.034945
SG_012468,0.552501
SG_012470,0.431918
SG_012480,0.195593
SG_012484,0.570308
SG_012489,0.322241
SG_012493,0.330922
SG_012495,0.757665
SG_012499,0.856714
SG_012501,0.024373
SG_012502,0.625897
SG_012504,0.800345
SG_012506,0.345724
SG_012509,0.989539
SG_012510,0.998442
SG_012513,0.573034
SG_012519,0.800957
SG_012520,0.386957
SG_012521,0.077514
SG_012525,0.271938
SG_012527,0.520672
SG_012531,0.716432
SG_012533,0.998331
SG_012538,0.316566
SG_012539,0.750988
SG_012548,0.584442
SG_012550,0.856547
SG_012552,0.462801
SG_012556,0.349007
SG_012561,0.54894
SG_012562,0.139391
SG_012563,0.484725
SG_012564,0.59468
SG_012567,0.029381
SG_012568,0.852818
SG_012571,0.837238
SG_012575,0.188248
SG_012579,0.84002
SG_012588,0.4485
SG_012591,0.174225
SG_012594,0.487341
SG_012596,0.270046
SG_012600,0.885983
SG_012601,0.218964
SG_012603,0.430916
SG_012606,0.28329
SG_012609,0.997941
SG_012610,0.043292
SG_012615,0.0345
SG_012616,0.39458
SG_012619,0.343776
SG_012623,0.5239
SG_012628,0.707306
SG_012630,0.972066
SG_012632,0.766012
SG_012636,0.69729
SG_012640,0.195982
SG_012643,0.87018
SG_012648,0.983028
SG_012651,0.6274
SG_012654,0.460854
SG_012660,0.902565
SG_012661,0.975405
SG_012663,0.208836
SG_012669,0.03923
SG_012674,0.370263
SG_012680,0.350676
SG_012684,0.698737
SG_012688,0.729119
SG_012690,0.51789
SG_012697,0.514663
SG_012699,0.373101
SG_012701,0.42346
SG_012705,0.823382
SG_012709,0.366145
SG_012710,0.95732
SG_012715,0.449279
SG_012716,0.053086
SG_012718,0.735407
SG_012723,0.188804
SG_012724,0.334372
SG_012730,0.690112
SG_012734,0.890156
SG_012736,0.734461
SG_012738,0.09532
SG_012747,0.273162
SG_012749,0.84692
SG_012750,0.005231
SG_012753,0.686662
SG_012754,0.954204
SG_012757,0.277002
SG_012763,0.077069
SG_012764,0.274832
SG_012767,0.841411
SG_012768,0.464025
SG_012773,0.091258
SG_012775,0.318847
SG_012777,0.759835
SG_012786,0.671972
SG_012787,0.919704
SG_012792,0.775026
SG_012797,0.432808
SG_012805,0.487341
SG_012808,0.29887
SG_012810,0.921151
SG_012819,0.929052
SG_012821,0.971009
SG_012822,0.532079
SG_012831,0.386567
SG_012844,0.515887
SG_012845,0.15614
SG_012848,0.045907
SG_012849,0.817094
SG_012851,0.90557
SG_012859,0.025708
SG_012861,0.593679
SG_012869,0.957765
SG_012870,0.683713
SG_012873,0.532914
SG_012874,0.406377
SG_012883,0.052473
SG_012886,0.502421
SG_012887,0.036893
SG_012888,0.648267
SG_012891,0.230816
SG_012898,0.493796
SG_012905,0.875577
SG_012910,0.930944
SG_012913,0.328251
SG_012918,0.92755
SG_012919,0.385065
SG_012920,0.156919
SG_012923,0.161649
SG_012924,0.743364
SG_012926,0.963163
SG_012936,0.939569
SG_012938,0.747315
SG_012940,0.528741
SG_012945,0.713372
SG_012949,0.685994
SG_012958,0.65934
SG_012962,0.508653
SG_012967,0.456736
SG_012968,0.2484
SG_012970,0.064771
SG_012972,0.341439
SG_012978,0.595292
SG_012979,0.564298
SG_012980,0.985644
SG_012981,0.92883
SG_012983,0.652329
SG_012984,0.911524
SG_012989,0.498247
SG_012994,0.19359
SG_012997,0.301486
SG_013002,0.753102
SG_013009,0.792499
SG_013017,0.348061
SG_013023,0.95081
SG_013028,0.354905
SG_013030,0.377163
SG_013033,0.929052
SG_013042,0.842023
SG_013043,0.264315
SG_013045,0.671192
SG_013063,0.569417
SG_013064,0.331534
SG_013065,0.241389
SG_013068,0.87886
SG_013070,0.683657
SG_013071,0.14234
SG_013072,0.767292
SG_013077,0.333092
SG_013080,0.9724
SG_013082,0.611652
SG_013083,0.507763
SG_013085,0.913082
SG_013086,0.307774
SG_013093,0.461466
SG_013094,0.196817
SG_013096,0.940571
SG_013104,0.854043
SG_013108,0.129987
SG_013111,0.503033
SG_013112,0.443604
SG_013115,0.570697
SG_013117,0.63391
SG_013125,0.203495
SG_013127,0.512325
SG_013135,0.460575
SG_013138,0.532135
SG_013139,0.423293
SG_013141,0.707139
SG_013149,0.892772
SG_013150,0.843025
SG_013157,0.635301
SG_013159,0.864893
SG_013166,0.201324
SG_013172,0.768794
SG_013177,0.723722
SG_013178,0.311446
SG_013187,0.308274
SG_013196,0.65845
SG_013201,0.904847
SG_013202,0.1656
SG_013212,0.067553
SG_013219,0.748539
SG_013222,0.044294
SG_013223,0.822158
SG_013224,0.977297
SG_013233,0.259474
SG_013237,0.102665
SG_013245,0.565689
SG_013249,0.423905
SG_013250,0.372489
SG_013260,0.576095
SG_013264,0.160536
SG_013266,0.687497
SG_013267,0.967169
SG_013269,0.235546
SG_013273,0.891381
SG_013276,0.017306
SG_013280,0.700851
SG_013281,0.335262
SG_013282,0.188136
SG_013288,0.920706
SG_013292,0.517389
SG_013294,0.619331
SG_013297,0.205442
SG_013304,0.1311
SG_013311,0.381392
SG_013313,0.90941
SG_013314,0.322074
SG_013315,0.592288
SG_013317,0.722386
SG_013321,0.447833
SG_013323,0.641422
SG_013327,0.428246
SG_013328,0.166546
SG_013332,0.199933
SG_013337,0.149964
SG_013338,0.450893
SG_013339,0.021924
SG_013340,0.505759
SG_013342,0.048189
SG_013344,0.07373
SG_013345,0.85983
SG_013347,0.679428
SG_013348,0.18886
SG_013356,0.868065
SG_013358,0.816093
SG_013359,0.810584
SG_013360,0.055367
SG_013361,0.151244
SG_013362,0.820043
SG_013366,0.416059
SG_013371,0.942352
SG_013372,0.343554
SG_013374,0.872739
SG_013380,0.023872
SG_013383,0.61705
SG_013384,0.085582
SG_013391,0.985977
SG_013392,0.564187
SG_013393,0.850593
SG_013396,0.874798
SG_013400,0.710645
SG_013404,0.302933
SG_013412,0.249124
SG_013413,0.781982
SG_013414,0.107618
SG_013418,0.918925
SG_013420,0.088476
SG_013421,0.810862
SG_013424,0.591397
SG_013427,0.814368
SG_013430,0.741806
SG_013435,0.8827
SG_013438,0.823438
SG_013440,0.676646
SG_013443,0.826888
SG_013444,0.31267
SG_013446,0.081019
SG_013447,0.05175
SG_013452,0.343331
SG_013454,0.921206
SG_013456,0.62868
SG_013462,0.346837
SG_013463,0.96333
SG_013464,0.534361
SG_013468,0.10133
SG_013472,0.630293
SG_013474,0.464693
SG_013477,0.427912
SG_013480,0.520617
SG_013485,0.401146
SG_013486,0.655556
SG_013487,0.599577
SG_013491,0.963219
SG_013495,0.726059
SG_013499,0.282733
SG_013504,0.976796
SG_013508,0.55239
SG_013509,0.15781
SG_013515,0.468199
SG_013523,0.16994
SG_013528,0.612042
SG_013538,0.730622
SG_013542,0.292916
SG_013543,0.474153
SG_013544,0.325914
SG_013545,0.753269
SG_013546,0.296533
SG_013548,0.952201
SG_013549,0.588838
SG_013552,0.95259
SG_013553,0.738356
SG_013554,0.417562
SG_013557,0.218074
SG_013558,0.707751
SG_013561,0.963775
SG_013563,0.555506
SG_013565,0.391186
SG_013567,0.260308
SG_013568,0.045184
SG_013571,0.904012
SG_013574,0.708753
SG_013575,0.055923
SG_013578,0.876746
SG_013579,0.637972
SG_013580,0.813978
SG_013586,0.485171
SG_013588,0.099716
SG_013591,0.441378
SG_013598,0.962384
SG_013601,0.781426
SG_013602,0.984586
SG_013604,0.643815
SG_013608,0.679428
SG_013610,0.506483
SG_013612,0.755551
SG_013613,0.30961
SG_013616,0.60503
SG_013619,0.273886
SG_013624,0.80808
SG_013626,0.754326
SG_013628,0.43765
SG_013629,0.451783
SG_013633,0.421512
SG_013635,0.164265
SG_013637,0.615937
SG_013638,0.574648
SG_013639,0.457125
SG_013641,0.57654
SG_013646,0.35407
SG_013653,0.539592
SG_013667,0.340771
SG_013668,0.517946
SG_013670,0.221913
SG_013675,0.577931
SG_013677,0.759446
SG_013678,0.719548
SG_013681,0.561071
SG_013682,0.854154
SG_013683,0.830004
SG_013684,0.595404
SG_013685,0.315174
SG_013686,0.452507
SG_013690,0.628791
SG_013695,0.058706
SG_013705,0.352846
SG_013706,0.267542
SG_013708,0.078627
SG_013711,0.139558
SG_013713,0.856602
SG_013715,0.149741
SG_013716,0.729787
SG_013726,0.401703
SG_013727,0.276278
SG_013728,0.523399
SG_013731,0.453341
SG_013733,0.009571
SG_013737,0.555339
SG_013740,0.871627
SG_013741,0.751711
SG_013744,0.029603
SG_013745,0.717601
SG_013746,0.248345
SG_013747,0.576874
SG_013749,0.657226
SG_013755,0.377942
SG_013759,0.621223
SG_013765,0.459518
SG_013766,0.561627
SG_013769,0.198264
SG_013773,0.417339
SG_013785,0.303433
SG_013793,0.140894
SG_013800,0.672417
SG_013808,0.663569
SG_013815,0.645651
SG_013827,0.10912
SG_013840,0.039063
SG_013841,0.04524
SG_013842,0.544934
SG_013844,0.877024
SG_013845,0.583217
SG_013849,0.224918
SG_013850,0.59034
SG_013851,0.031718
SG_013853,0.717378
SG_013854,0.304324
SG_013855,0.595404
SG_013857,0.817539
SG_013860,0.930388
SG_013862,0.830226
SG_013867,0.921429
SG_013868,0.441656
SG_013870,0.387068
SG_013883,0.088532
SG_013884,0.266374
SG_013885,0.879194
SG_013892,0.895164
SG_013896,0.071226
SG_013898,0.655
SG_013901,0.947026
SG_013905,0.694842
SG_013906,0.509543
SG_013907,0.30143
SG_013910,0.320349
SG_013912,0.636359
SG_013914,0.702243
SG_013919,0.943631
SG_013922,0.794947
SG_013943,0.196984
SG_013944,0.545879
SG_013946,0.282845
SG_013948,0.066663
SG_013949,0.530076
SG_013953,0.300373
SG_013962,0.922319
SG_013965,0.654555
SG_013969,0.925435
SG_013974,0.083301
SG_013978,0.697179
SG_013979,0.219242
SG_013980,0.916031
SG_013986,0.742641
SG_013997,0.151411
SG_014000,0.598854
SG_014004,0.171554
SG_014009,0.400089
SG_014010,0.601191
SG_014012,0.519448
SG_014014,0.693172
SG_014015,0.728563
SG_014016,0.305826
SG_014017,0.812309
SG_014018,0.03361
SG_014020,0.426966
SG_014021,0.592621
SG_014022,0.640755
SG_014023,0.432308
SG_014026,0.92193
SG_014030,0.251906
SG_014031,0.418675
SG_014036,0.361527
SG_014037,0.144566
SG_014039,0.548272
SG_014045,0.432808
SG_014046,0.506038
SG_014047,0.62829
SG_014050,0.022759
SG_014053,0.719103
SG_014058,0.939402
SG_014059,0.952034
SG_014062,0.629959
SG_014067,0.535251
SG_014072,0.000612
SG_014073,0.6343
SG_014075,0.429581
SG_014081,0.680263
SG_014085,0.683267
SG_014088,0.322408
SG_014096,0.875466
SG_014099,0.367091
SG_014102,0.603138
SG_014105,0.229926
SG_014111,0.730399
SG_014113,0.518113
SG_014116,0.259974
SG_014122,0.571588
SG_014123,0.165711
SG_014124,0.568416
SG_014130,0.77408
SG_014132,0.472984
SG_014135,0.984976
SG_014136,0.350787
SG_014139,0.771521
SG_014140,0.800846
SG_014141,0.267431
SG_014146,0.565411
SG_014155,0.502421
SG_014157,0.679372
SG_014161,0.546046
SG_014162,0.671192
SG_014165,0.671471
SG_014167,0.800679
SG_014168,0.802181
SG_014172,0.187469
SG_014176,0.387569
SG_014177,0.977742
SG_014184,0.993879
SG_014186,0.421512
SG_014188,0.656446
SG_014190,0.21134
SG_014191,0.375939
SG_014192,0.152969
SG_014194,0.807523
SG_014196,0.702298
SG_014197,0.872739
SG_014205,0.543765
SG_014210,0.247009
SG_014217,0.639419
SG_014219,0.917645
SG_014223,0.812921
SG_014235,0.015803
SG_014237,0.909465
SG_014243,0.824439
SG_014248,0.625118
SG_014249,0.797563
SG_014259,0.599967
SG_014269,0.824161
SG_014270,0.725001
SG_014272,0.038284
SG_014277,0.273107
SG_014288,0.604752
SG_014290,0.234934
SG_014292,0.871793
SG_014293,0.323577
SG_014295,0.472428
SG_014299,0.356129
SG_014308,0.644817
SG_014309,0.335986
SG_014311,0.944689
SG_014314,0.895777
SG_014319,0.055311
SG_014320,0.62829
SG_014321,0.959268
SG_014328,0.520394
SG_014334,0.158144
SG_014335,0.364977
SG_014339,0.787992
SG_014342,0.008681
SG_014343,0.99744
SG_014345,0.087586
SG_014363,0.152134
SG_014368,0.693117
SG_014370,0.033331
SG_014373,0.479606
SG_014375,0.321073
SG_014380,0.910523
SG_014383,0.943019
SG_014385,0.845251
SG_014386,0.429303
SG_014387,0.630571
SG_014389,0.584609
SG_014391,0.551277
SG_014394,0.972511
SG_014398,0.703188
SG_014402,0.062712
SG_014409,0.671359
SG_014411,0.713817
SG_014415,0.581325
SG_014416,0.492404
SG_014418,0.087641
SG_014425,0.253575
SG_014426,0.844026
SG_014431,0.49246
SG_014432,0.907573
SG_014446,0.639642
SG_014447,0.074565
SG_014457,0.437705
SG_014465,0.443492
SG_014466,0.107117
SG_014469,0.326971
SG_014474,0.171053
SG_014484,0.579155
SG_014486,0.018474
SG_014488,0.183351
SG_014491,0.286684
SG_014495,0.557231
SG_014512,0.876189
SG_014514,0.221023
SG_014516,0.313116
SG_014519,0.243559
SG_014522,0.125146
SG_014529,0.65461
SG_014538,0.778143
SG_014544,0.709198
SG_014551,0.377052
SG_014552,0.606867
SG_014556,0.58945
SG_014562,0.455734
SG_014565,0.02543
SG_014566,0.966168
SG_014568,0.009181
SG_014569,0.060653
SG_014570,0.804407
SG_014578,0.434589
SG_014579,0.901452
SG_014581,0.503255
SG_014582,0.435535
SG_014583,0.290023
SG_014587,0.590006
SG_014594,0.249346
SG_014596,0.424907
SG_014597,0.827166
SG_014607,0.463246
SG_014611,0.325246
SG_014616,0.227088
SG_014617,0.186801
SG_014618,0.607312
SG_014619,0.01252
SG_014621,0.834567
SG_014626,0.436258
SG_014634,0.123699
SG_014635,0.643759
SG_014636,0.120861
SG_014637,0.608814
SG_014640,0.391408
SG_014641,0.461132
SG_014645,0.330699
SG_014647,0.606533
SG_014653,0.324022
SG_014655,0.126092
SG_014656,0.917256
SG_014657,0.994602
SG_014660,0.6067
SG_014667,0.038729
SG_014672,0.429136
SG_014677,0.047243
SG_014680,0.496745
SG_014681,0.706972
SG_014687,0.626621
SG_014690,0.478326
SG_014691,0.250737
SG_014700,0.896055
SG_014701,0.797841
SG_014702,0.772968
SG_014703,0.057537
SG_014712,0.722776
SG_014713,0.158533
SG_014718,0.079406
SG_014720,0.917701
SG_014723,0.230705
SG_014729,0.902732
SG_014731,0.288743
SG_014733,0.905626
SG_014735,0.781314
SG_014742,0.008235
SG_014746,0.022314
SG_014748,0.223137
SG_014749,0.45362
SG_014753,0.206945
SG_014754,0.128485
SG_014757,0.112737
SG_014771,0.314896
SG_014774,0.490457
SG_014777,0.621279
SG_014778,0.885593
SG_014780,0.348116
SG_014787,0.902788
SG_014800,0.711591
SG_014801,0.791386
SG_014802,0.202326
SG_014803,0.591731
SG_014808,0.119192
SG_014812,0.275277
SG_014813,0.110289
SG_014815,0.732068
SG_014824,0.017473
SG_014825,0.609705
SG_014827,0.419676
SG_014830,0.116855
SG_014834,0.100607
SG_014839,0.906071
SG_014844,0.786768
SG_014865,0.926548
SG_014866,0.194313
SG_014867,0.72873
SG_014871,0.911691
SG_014874,0.385566
SG_014875,0.673863
SG_014879,0.077848
SG_014880,0.074175
SG_014882,0.075733
SG_014885,0.79389
SG_014887,0.887374
SG_014894,0.399087
SG_014895,0.591008
SG_014898,0.150186
SG_014900,0.38985
SG_014906,0.81203
SG_014909,0.114184
SG_014914,0.406099
SG_014919,0.114407
SG_014921,0.436091
SG_014939,0.906572
SG_014940,0.570308
SG_014945,0.724556
SG_014946,0.029603
SG_014951,0.841578
SG_014953,0.971231
SG_014955,0.822436
SG_014959,0.140282
SG_014961,0.527405
SG_014964,0.71326
SG_014965,0.36915
SG_014966,0.40966
SG_014969,0.742919
SG_014972,0.508542
SG_014976,0.900228
SG_014979,0.04741
SG_014980,0.755328
SG_014984,0.562017
SG_014990,0.023482
SG_014998,0.201936
SG_014999,0.394358
SG_015001,0.4894
SG_015002,0.554616
SG_015014,0.386456
SG_015015,0.067887
SG_015021,0.54638
SG_015026,0.512103
SG_015031,0.820544
SG_015036,0.594569
SG_015039,0.171777
SG_015042,0.313783
SG_015044,0.24712
SG_015046,0.763285
SG_015047,0.68477
SG_015050,0.384898
SG_015054,0.824718
SG_015066,0.430193
SG_015068,0.992599
SG_015071,0.143231
SG_015075,0.124812
SG_015076,0.271716
SG_015081,0.712537
SG_015082,0.270046
SG_015085,0.153191
SG_015093,0.862334
SG_015095,0.293362
SG_015099,0.447833
SG_015102,0.264203
SG_015103,0.781704
SG_015111,0.512826
SG_015112,0.463024
SG_015118,0.220578
SG_015125,0.650659
SG_015126,0.245228
SG_015127,0.784486
SG_015129,0.247788
SG_015134,0.5313
SG_015135,0.657114
SG_015137,0.270881
SG_015138,0.825886
SG_015144,0.713427
SG_015146,0.221301
SG_015152,0.38896
SG_015155,0.368649
SG_015158,0.701241
SG_015159,0.582216
SG_015161,0.600467
SG_015165,0.89177
SG_015167,0.724779
SG_015169,0.630015
SG_015176,0.576484
SG_015180,0.264259
SG_015183,0.718324
SG_015189,0.601636
SG_015190,0.475711
SG_015192,0.58689
SG_015195,0.645095
SG_015197,0.815147
SG_015201,0.923989
SG_015202,0.688609
SG_015214,0.029603
SG_015215,0.654165
SG_015217,0.234044
SG_015222,0.593512
SG_015224,0.105392
SG_015235,0.664126
SG_015239,0.070057
SG_015246,0.1242
SG_015251,0.406989
SG_015252,0.748039
SG_015256,0.787213
SG_015257,0.407991
SG_015261,0.376885
SG_015262,0.436982
SG_015263,0.787046
SG_015269,0.24534
SG_015270,0.248734
SG_015272,0.290913
SG_015276,0.970564
SG_015277,0.111457
SG_015278,0.227978
SG_015279,0.555506
SG_015280,0.934283
SG_015283,0.712481
SG_015284,0.84603
SG_015289,0.863836
SG_015290,0.276835
SG_015294,0.666518
SG_015296,0.25569
SG_015297,0.961605
SG_015302,0.319793
SG_015304,0.954705
SG_015308,0.495298
SG_015309,0.227088
SG_015312,0.64337
SG_015317,0.908742
SG_015322,0.446942
SG_015323,0.46831
SG_015326,0.753714
SG_015329,0.045629
SG_015337,0.216961
SG_015339,0.6826
SG_015340,0.307217
SG_015341,0.90685
SG_015346,0.371543
SG_015348,0.765066
SG_015349,0.536809
SG_015351,0.831951
SG_015355,0.310834
SG_015356,0.219075
SG_015360,0.22425
SG_015361,0.631128
SG_015362,0.918535
SG_015363,0.34027
SG_015369,0.576317
SG_015372,0.464304
SG_015375,0.15653
SG_015381,0.472428
SG_015382,0.061098
SG_015383,0.106672
SG_015384,0.733404
SG_015388,0.702187
SG_015395,0.086139
SG_015397,0.161538
SG_015399,0.78521
SG_015400,0.886428
SG_015401,0.342552
SG_015402,0.49463
SG_015403,0.540315
SG_015406,0.812476
SG_015412,0.555896
SG_015421,0.901731
SG_015424,0.223916
SG_015425,0.314507
SG_015428,0.66496
SG_015430,0.715931
SG_015431,0.374492
SG_015439,0.089644
SG_015440,0.115575
SG_015446,0.843915
SG_015447,0.301319
SG_015448,0.387791
SG_015452,0.246286
SG_015454,0.938902
SG_015458,0.788826
SG_015462,0.302654
SG_015463,0.637416
SG_015464,0.588893
SG_015466,0.358188
SG_015467,0.878137
SG_015470,0.248011
SG_015473,0.292582
SG_015479,0.226476
SG_015481,0.616215
SG_015483,0.513438
SG_015492,0.531412
SG_015495,0.047465
SG_015498,0.788381
SG_015503,0.303155
SG_015507,0.703912
SG_015512,0.240276
SG_015514,0.402426
SG_015517,0.847476
SG_015520,0.785265
SG_015524,0.591731
SG_015526,0.227032
SG_015527,0.491514
SG_015535,0.456012
SG_015537,0.547716
SG_015538,0.874186
SG_015540,0.507317
SG_015542,0.07117
SG_015543,0.947582
SG_015544,0.631295
SG_015546,0.723944
SG_015547,0.372322
SG_015550,0.644205
SG_015556,0.391353
SG_015558,0.732291
SG_015559,0.563463
SG_015560,0.655612
SG_015562,0.116577
SG_015565,0.299538
SG_015568,0.961048
SG_015572,0.416226
SG_015576,0.017139
SG_015578,0.03539
SG_015580,0.64426
SG_015582,0.454065
SG_015584,0.289856
SG_015585,0.789049
SG_015586,0.122809
SG_015587,0.200045
SG_015589,0.665405
SG_015590,0.495298
SG_015591,0.711647
SG_015593,0.664849
SG_015597,0.596739
SG_015598,0.721997
SG_015600,0.822381
SG_015606,0.901007
SG_015613,0.764565
SG_015615,0.855656
SG_015617,0.246119
SG_015619,0.061154
SG_015623,0.433921
SG_015627,0.651772
SG_015637,0.0414
SG_015641,0.612487
SG_015644,0.737132
SG_015649,0.328641
SG_015654,0.961827
SG_015655,0.865506
SG_015656,0.253853
SG_015659,0.185076
SG_015662,0.753158
SG_015664,0.063881
SG_015671,0.912915
SG_015675,0.122865
SG_015678,0.506316
SG_015680,0.33593
SG_015681,0.347504
SG_015682,0.739191
SG_015684,0.089644
SG_015693,0.893384
SG_015708,0.952757
SG_015715,0.284124
SG_015716,0.468533
SG_015718,0.053475
SG_015721,0.589561
SG_015724,0.601024
SG_015726,0.763397
SG_015729,0.493684
SG_015730,0.926048
SG_015735,0.259641
SG_015738,0.820099
SG_015743,0.726782
SG_015744,0.131657
SG_015746,0.040454
SG_015756,0.188971
SG_015762,0.61538
SG_015763,0.67353
SG_015766,0.706082
SG_015769,0.504813
SG_015770,0.169996
SG_015772,0.521563
SG_015773,0.866563
SG_015780,0.183629
SG_015790,0.502699
SG_015797,0.273274
SG_015806,0.285571
SG_015810,0.887485
SG_015815,0.461521
SG_015817,0.821045
SG_015818,0.657059
SG_015819,0.599855
SG_015820,0.487675
SG_015827,0.611986
SG_015828,0.146403
SG_015829,0.212509
SG_015832,0.251294
SG_015833,0.746314
SG_015834,0.127483
SG_015838,0.76885
SG_015840,0.154082
SG_015842,0.563129
SG_015845,0.125814
SG_015849,0.299037
SG_015857,0.639085
SG_015859,0.023761
SG_015860,0.987313
SG_015867,0.445885
SG_015873,0.525068
SG_015878,0.522397
SG_015879,0.155306
SG_015880,0.779033
SG_015881,0.024373
SG_015884,0.274387
SG_015885,0.383062
SG_015891,0.783651
SG_015893,0.376329
SG_015898,0.577653
SG_015900,0.820322
SG_015901,0.29887
SG_015907,0.256302
SG_015908,0.494352
SG_015910,0.97457
SG_015914,0.649157
SG_015917,0.976295
SG_015921,0.951477
SG_015922,0.677703
SG_015928,0.865951
SG_015939,0.346113
SG_015940,0.246453
SG_015942,0.80168
SG_015943,0.962606
SG_015947,0.507596
SG_015950,0.422681
SG_015951,0.786879
SG_015955,0.084469
SG_015964,0.800846
SG_015965,0.490791
SG_015972,0.526404
SG_015973,0.327305
SG_015975,0.418563
SG_015977,0.601302
SG_015978,0.729954
SG_015979,0.967893
SG_015980,0.167158
SG_015981,0.56235
SG_015985,0.91158
SG_015988,0.421401
SG_015989,0.911914
SG_015990,0.845028
SG_015998,0.809749
SG_015999,0.133048
SG_016002,0.768794
SG_016003,0.069111
SG_016004,0.461633
SG_016008,0.998998
SG_016010,0.901508
SG_016013,0.576651
SG_016015,0.358912
SG_016020,0.208503
SG_016021,0.80936
SG_016022,0.12893
SG_016027,0.583496
SG_016028,0.517445
SG_016029,0.030438
SG_016030,0.840576
SG_016045,0.509265
SG_016048,0.797952
SG_016049,0.106004
SG_016054,0.929219
SG_016056,0.434812
SG_016060,0.44978
SG_016065,0.041678
SG_016081,0.217016
SG_016085,0.092371
SG_016089,0.215681
SG_016091,0.930443
SG_016092,0.76195
SG_016101,0.934561
SG_016102,0.839297
SG_016103,0.388292
SG_016108,0.638362
SG_016109,0.384731
SG_016111,0.953592
SG_016113,0.290468
SG_016114,0.189695
SG_016115,0.173446
SG_016116,0.656613
SG_016119,0.083468
SG_016124,0.408213
SG_016127,0.402482
SG_016132,0.992655
SG_016133,0.355795
SG_016134,0.414112
SG_016138,0.168605
SG_016140,0.77664
SG_016146,0.828001
SG_016147,0.395192
SG_016156,0.856491
SG_016158,0.34628
SG_016159,0.602582
SG_016160,0.070836
SG_016161,0.237382
SG_016163,0.836014
SG_016164,0.755551
SG_016165,0.828168
SG_016166,0.087307
SG_016171,0.835568
SG_016172,0.624562
SG_016174,0.277002
SG_016176,0.490179
SG_016179,0.987647
SG_016181,0.77063
SG_016183,0.063436
SG_016185,0.720216
SG_016186,0.116688
SG_016187,0.067164
SG_016188,0.801736
SG_016190,0.282288
SG_016194,0.635635
SG_016195,0.317066
SG_016196,0.835791
SG_016197,0.357409
SG_016211,0.42908
SG_016214,0.913472
SG_016215,0.368371
SG_016219,0.693729
SG_016221,0.685271
SG_016222,0.365645
SG_016224,0.333092
SG_016225,0.861443
SG_016233,0.27817
SG_016234,0.408046
SG_016235,0.294808
SG_016238,0.016304
SG_016242,0.780368
SG_016244,0.169495
SG_016245,0.048578
SG_016246,0.478326
SG_016249,0.381281
SG_016251,0.957877
SG_016252,0.847699
SG_016259,0.424183
SG_016262,0.429525
SG_016263,0.056257
SG_016268,0.639809
SG_016270,0.256524
SG_016272,0.868789
SG_016273,0.942129
SG_016275,0.975906
SG_016278,0.592788
SG_016282,0.534862
SG_016285,0.12637
SG_016289,0.682043
SG_016292,0.184019
SG_016297,0.361583
SG_016299,0.573424
SG_016310,0.503088
SG_016315,0.78738
SG_016316,0.37477
SG_016318,0.32942
SG_016324,0.470035
SG_016326,0.41055
SG_016327,0.780647
SG_016330,0.287074
SG_016331,0.529575
SG_016332,0.149519
SG_016333,0.973513
SG_016334,0.441378
SG_016337,0.106783
SG_016341,0.726949
SG_016343,0.205164
SG_016345,0.752323
SG_016346,0.160147
SG_016349,0.527572
SG_016351,0.446942
SG_016352,0.012353
SG_016354,0.544878
SG_016363,0.582049
SG_016372,0.471983
SG_016375,0.746759
SG_016382,0.534862
SG_016384,0.721162
SG_016386,0.095654
SG_016389,0.68349
SG_016392,0.637305
SG_016393,0.23805
SG_016394,0.44505
SG_016401,0.194313
SG_016402,0.067609
SG_016405,0.908408
SG_016414,0.589505
SG_016421,0.077569
SG_016424,0.316677
SG_016425,0.452562
SG_016429,0.071059
SG_016431,0.463692
SG_016432,0.533359
SG_016435,0.81587
SG_016436,0.959379
SG_016443,0.069946
SG_016445,0.376829
SG_016450,0.871571
SG_016452,0.228257
SG_016456,0.874854
SG_016462,0.04574
SG_016463,0.041177
SG_016474,0.783206
SG_016482,0.134161
SG_016488,0.20611
SG_016502,0.10478
SG_016503,0.835179
SG_016507,0.757776
SG_016508,0.425074
SG_016511,0.022481
SG_016512,0.903289
SG_016517,0.272773
SG_016518,0.992043
SG_016520,0.04268
SG_016522,0.830338
SG_016524,0.526682
SG_016526,0.485616
SG_016528,0.834066
SG_016529,0.656725
SG_016532,0.859774
SG_016535,0.160926
SG_016537,0.073507
SG_016539,0.061933
SG_016542,0.288131
SG_016545,0.250515
SG_016547,0.448333
SG_016548,0.045629
SG_016554,0.345112
SG_016562,0.795726
SG_016563,0.256135
SG_016566,0.306049
SG_016567,0.676924
SG_016580,0.211841
SG_016581,0.467531
SG_016585,0.938679
SG_016600,0.728396
SG_016603,0.867453
SG_016604,0.459908
SG_016606,0.850593
SG_016609,0.436815
SG_016612,0.524345
SG_016613,0.668744
SG_016614,0.740582
SG_016623,0.430916
SG_016625,0.875689
SG_016632,0.855322
SG_016634,0.218574
SG_016637,0.646152
SG_016641,0.123254
SG_016646,0.338323
SG_016647,0.445941
SG_016660,0.082689
SG_016662,0.695176
SG_016670,0.883201
SG_016671,0.568694
SG_016673,0.123365
SG_016675,0.193089
SG_016685,0.288075
SG_016689,0.844806
SG_016690,0.565133
SG_016691,0.054866
SG_016692,0.315787
SG_016696,0.936453
SG_016698,0.648601
SG_016699,0.416504
SG_016703,0.085026
SG_016704,0.822325
SG_016705,0.786601
SG_016708,0.795281
SG_016710,0.061822
SG_016711,0.738634
SG_016714,0.63736
SG_016716,0.051472
SG_016719,0.669579
SG_016720,0.424796
SG_016721,0.042847
SG_016723,0.06427
SG_016732,0.612821
SG_016733,0.829893
SG_016736,0.025931
SG_016737,0.010962
SG_016738,0.491125
SG_016741,0.716321
SG_016745,0.769963
SG_016746,0.18196
SG_016752,0.705915
SG_016754,0.474765
SG_016758,0.184575
SG_016763,0.520394
SG_016765,0.671248
SG_016769,0.110678
SG_016776,0.883646
SG_016778,0.934839
SG_016779,0.285961
SG_016780,0.96984
SG_016783,0.510044
SG_016785,0.336041
SG_016786,0.485171
SG_016792,0.644371
SG_016793,0.129041
SG_016794,0.829281
SG_016805,0.523176
SG_016807,0.654109
SG_016810,0.212843
SG_016813,0.364476
SG_016818,0.584887
SG_016819,0.220967
SG_016823,0.951756
SG_016827,0.30271
SG_016828,0.646764
SG_016832,0.806299
SG_016834,0.963998
SG_016837,0.59123
SG_016840,0.076957
SG_016843,0.991375
SG_016847,0.197095
SG_016849,0.275388
SG_016851,0.181125
SG_016857,0.243615
SG_016858,0.93918
SG_016859,0.813422
SG_016861,0.736631
SG_016863,0.784319
SG_016874,0.927216
SG_016877,0.319515
SG_016881,0.885816
SG_016885,0.451004
SG_016887,0.92026
SG_016888,0.633799
SG_016891,0.684881
SG_016893,0.122253
SG_016895,0.586445
SG_016900,0.083078
SG_016902,0.324467
SG_016904,0.238996
SG_016909,0.376774
SG_016911,0.815814
SG_016924,0.010461
SG_016925,0.32775
SG_016928,0.748595
SG_016937,0.352624
SG_016939,0.893495
SG_016941,0.839185
SG_016944,0.870959
SG_016946,0.200712
SG_016951,0.766735
SG_016961,0.998831
SG_016963,0.734183
SG_016967,0.53386
SG_016968,0.929831
SG_016971,0.745201
SG_016973,0.195649
SG_016974,0.143231
SG_016975,0.766624
SG_016976,0.400033
SG_016986,0.150186
SG_016989,0.834734
SG_016990,0.967002
SG_017003,0.363753
SG_017005,0.464415
SG_017006,0.072061
SG_017016,0.428635
SG_017018,0.876579
SG_017021,0.679317
SG_017026,0.686829
SG_017028,0.556285
SG_017040,0.658672
SG_017043,0.21084
SG_017044,0.697735
SG_017046,0.405264
SG_017048,0.130544
SG_017049,0.378554
SG_017050,0.025541
SG_017055,0.647432
SG_017056,0.099104
SG_017062,0.295309
SG_017067,0.45145
SG_017070,0.194703
SG_017071,0.894942
SG_017076,0.591119
SG_017077,0.610317
SG_017079,0.026821
SG_017080,0.242891
SG_017085,0.727338
SG_017098,0.434088
SG_017103,0.586779
SG_017110,0.560737
SG_017111,0.887986
SG_017114,0.09788
SG_017116,0.845418
SG_017123,0.094652
SG_017124,0.789216
SG_017126,0.205609
SG_017127,0.147794
SG_017130,0.860553
SG_017139,0.891047
SG_017144,0.523677
SG_017145,0.43982
SG_017146,0.875522
SG_017154,0.331033
SG_017158,0.718602
SG_017170,0.350899
SG_017171,0.47265
SG_017172,0.053419
SG_017182,0.013633
SG_017187,0.201658
SG_017190,0.866507
SG_017192,0.307885
SG_017193,0.461967
SG_017195,0.945023
SG_017202,0.7516
SG_017206,0.223137
SG_017208,0.339102
SG_017213,0.426632
SG_017218,0.256636
SG_017220,0.374548
SG_017223,0.200935
SG_017224,0.589394
SG_017225,0.595571
SG_017227,0.385733
SG_017228,0.936787
SG_017230,0.235991
SG_017232,0.655556
SG_017235,0.283624
SG_017239,0.915809
SG_017241,0.513104
SG_017245,0.113683
SG_017250,0.923488
SG_017254,0.302543
SG_017255,0.734851
SG_017266,0.350843
SG_017269,0.254799
SG_017272,0.576763
SG_017276,0.345779
SG_017279,0.163374
SG_017281,0.073062
SG_017287,0.615158
SG_017288,0.72834
SG_017292,0.566301
SG_017294,0.733571
SG_017296,0.088365
SG_017303,0.409716
SG_017304,0.752379
SG_017309,0.890379
SG_017311,0.687385
SG_017316,0.028936
SG_017317,0.563018
SG_017318,0.878582
SG_017323,0.168327
SG_017328,0.73179
SG_017338,0.535696
SG_017339,0.529687
SG_017347,0.648601
SG_017348,0.520895
SG_017349,0.283846
SG_017350,0.186467
SG_017354,0.198987
SG_017358,0.890156
SG_017360,0.043737
SG_017361,0.758222
SG_017364,0.901063
SG_017368,0.69985
SG_017373,0.798787
SG_017376,0.881253
SG_017383,0.838239
SG_017385,0.66624
SG_017391,0.723054
SG_017399,0.636581
SG_017402,0.002894
SG_017405,0.081576
SG_017406,0.417228
SG_017416,0.225641
SG_017419,0.748595
SG_017421,0.32469
SG_017423,0.735073
SG_017425,0.831729
SG_017428,0.426854
SG_017431,0.668466
SG_017432,0.949975
SG_017438,0.962551
SG_017439,0.028546
SG_017445,0.142452
SG_017448,0.154082
SG_017452,0.8827
SG_017454,0.613544
SG_017457,0.246341
SG_017458,0.552279
SG_017464,0.748762
SG_017465,0.139336
SG_017466,0.874186
SG_017467,0.824217
SG_017475,0.261032
SG_017479,0.487675
SG_017480,0.02671
SG_017481,0.355962
SG_017482,0.027767
SG_017484,0.378888
SG_017486,0.505759
SG_017501,0.302988
SG_017504,0.289244
SG_017507,0.300651
SG_017509,0.05609
SG_017513,0.613099
SG_017514,0.53386
SG_017516,0.091648
SG_017518,0.639697
SG_017521,0.967169
SG_017526,0.378554
SG_017529,0.329753
SG_017532,0.422792
SG_017535,0.279395
SG_017537,0.490179
SG_017538,0.623783
SG_017542,0.139781
SG_017545,0.885148
SG_017549,0.861499
SG_017557,0.40493
SG_017559,0.788548
SG_017560,0.187524
SG_017562,0.733849
SG_017563,0.987535
SG_017565,0.575149
SG_017572,0.336153
SG_017575,0.974681
SG_017577,0.383117
SG_017578,0.460353
SG_017579,0.795949
SG_017580,0.24495
SG_017581,0.787157
SG_017589,0.801847
SG_017590,0.046631
SG_017594,0.74776
SG_017597,0.263591
SG_017604,0.61143
SG_017605,0.750765
SG_017606,0.858216
SG_017607,0.595738
SG_017611,0.765734
SG_017615,0.179344
SG_017616,0.073507
SG_017617,0.760225
SG_017621,0.281732
SG_017622,0.588559
SG_017629,0.515052
SG_017630,0.02454
SG_017634,0.41183
SG_017639,0.312337
SG_017642,0.371933
SG_017646,0.954594
SG_017657,0.94135
SG_017658,0.477937
SG_017667,0.250904
SG_017673,0.727005
SG_017674,0.22681
SG_017677,0.395192
SG_017679,0.129653
SG_017683,0.659451
SG_017687,0.152857
SG_017689,0.943631
SG_017691,0.434867
SG_017693,0.948473
SG_017696,0.364754
SG_017697,0.463191
SG_017702,0.186189
SG_017703,0.939569
SG_017709,0.007456
SG_017714,0.096099
SG_017715,0.643147
SG_017718,0.842524
SG_017719,0.510044
SG_017728,0.552613
SG_017729,0.277614
SG_017739,0.589338
SG_017743,0.092482
SG_017745,0.034556
SG_017746,0.273774
SG_017749,0.928329
SG_017750,0.634244
SG_017754,0.40059
SG_017757,0.83696
SG_017760,0.985644
SG_017774,0.848645
SG_017775,0.047243
SG_017776,0.018085
SG_017777,0.937065
SG_017778,0.533693
SG_017781,0.773858
SG_017782,0.643592
SG_017789,0.45707
SG_017795,0.593122
SG_017798,0.503088
SG_017811,0.421624
SG_017817,0.688776
SG_017819,0.94736
SG_017822,0.760726
SG_017827,0.117189
SG_017830,0.990596
SG_017832,0.429804
SG_017834,0.883089
SG_017838,0.76323
SG_017840,0.924044
SG_017847,0.720772
SG_017851,0.81971
SG_017855,0.925992
SG_017862,0.022592
SG_017865,0.637638
SG_017866,0.290301
SG_017867,0.6067
SG_017878,0.698792
SG_017879,0.303489
SG_017880,0.138668
SG_017881,0.008792
SG_017882,0.708308
SG_017886,0.299037
SG_017888,0.352234
SG_017889,0.278616
SG_017895,0.771243
SG_017900,0.560848
SG_017902,0.498859
SG_017907,0.862501
SG_017909,0.872072
SG_017910,0.253965
SG_017913,0.694953
SG_017914,0.791887
SG_017917,0.523121
SG_017918,0.94391
SG_017919,0.349062
SG_017920,0.746425
SG_017936,0.204663
SG_017938,0.702799
SG_017945,0.95387
SG_017947,0.26348
SG_017949,0.648934
SG_017956,0.892549
SG_017958,0.672584
SG_017960,0.379779
SG_017965,0.076345
SG_017971,0.911635
SG_017973,0.652217
SG_017978,0.668688
SG_017981,0.041511
SG_017985,0.769406
SG_017987,0.989372
SG_017991,0.607868
SG_017992,0.618775
SG_018002,0.155139
SG_018003,0.990652
SG_018005,0.672639
SG_018014,0.448278
SG_018015,0.219353
SG_018016,0.598687
SG_018017,0.679428
SG_018024,0.113572
SG_018028,0.885148
SG_018032,0.611485
SG_018033,0.315731
SG_018037,0.66752
SG_018040,0.391075
SG_018042,0.37427
SG_018046,0.036837
SG_018050,0.9793
SG_018055,0.857938
SG_018056,0.6757
SG_018061,0.252963
SG_018063,0.902398
SG_018064,0.701519
SG_018067,0.401536
SG_018072,0.497134
SG_018073,0.878693
SG_018074,0.814757
SG_018076,0.973012
SG_018080,0.312893
SG_018084,0.397641
SG_018088,0.738189
SG_018090,0.741027
SG_018092,0.681654
SG_018094,0.890602
SG_018096,0.340326
SG_018100,0.497913
SG_018109,0.64298
SG_018111,0.006232
SG_018120,0.934506
SG_018124,0.998887
SG_018125,0.546937
SG_018130,0.797618
SG_018132,0.537477
SG_018134,0.091369
SG_018140,0.458683
SG_018144,0.012186
SG_018146,0.511713
SG_018150,0.478271
SG_018154,0.810639
SG_018155,0.249235
SG_018160,0.017695
SG_018165,0.190919
SG_018166,0.381559
SG_018170,0.371209
SG_018174,0.451561
SG_018175,0.276835
SG_018178,0.768683
SG_018181,0.775082
SG_018186,0.745646
SG_018188,0.17812
SG_018195,0.205553
SG_018198,0.829614
SG_018201,0.051249
SG_018206,0.906293
SG_018208,0.19921
SG_018214,0.962662
SG_018215,0.918702
SG_018216,0.889711
SG_018221,0.874409
SG_018224,0.354849
SG_018228,0.284848
SG_018229,0.373602
SG_018238,0.120082
SG_018241,0.422959
SG_018246,0.385844
SG_018247,0.109677
SG_018252,0.892716
SG_018253,0.170886
SG_018259,0.605086
SG_018261,0.113516
SG_018263,0.923877
SG_018266,0.219576
SG_018269,0.640365
SG_018270,0.271771
SG_018276,0.20611
SG_018278,0.620889
SG_018281,0.298703
SG_018282,0.60325
SG_018284,0.826109
SG_018286,0.31523
SG_018287,0.237995
SG_018294,0.121418
SG_018297,0.723833
SG_018303,0.52735
SG_018305,0.850704
SG_018307,0.021757
SG_018312,0.669579
SG_018316,0.807857
SG_018321,0.11819
SG_018322,0.559624
SG_018325,0.022425
SG_018327,0.072561
SG_018330,0.260308
SG_018334,0.859385
SG_018336,0.268321
SG_018338,0.91681
SG_018341,0.348116
SG_018342,0.490234
SG_018347,0.112737
SG_018348,0.675811
SG_018351,0.7447
SG_018360,0.9793
SG_018361,0.274776
SG_018364,0.86161
SG_018366,0.758611
SG_018368,0.942296
SG_018372,0.572144
SG_018379,0.279116
SG_018381,0.409716
SG_018386,0.187302
SG_018387,0.518279
SG_018388,0.569084
SG_018394,0.904012
SG_018407,0.695676
SG_018410,0.736297
SG_018411,0.601413
SG_018417,0.224139
SG_018418,0.717211
SG_018420,0.304379
SG_018422,0.576985
SG_018424,0.579545
SG_018426,0.08191
SG_018427,0.531913
SG_018430,0.377274
SG_018433,0.817205
SG_018434,0.577931
SG_018436,0.45885
SG_018441,0.36353
SG_018442,0.513494
SG_018445,0.720272
SG_018448,0.637026
SG_018452,0.0345
SG_018455,0.385009
SG_018458,0.318624
SG_018462,0.947527
SG_018468,0.511101
SG_018469,0.669301
SG_018470,0.628513
SG_018471,0.708809
SG_018472,0.309888
SG_018474,0.000445
SG_018476,0.519726
SG_018481,0.899505
SG_018485,0.286128
SG_018487,0.541984
SG_018490,0.088253
SG_018491,0.169996
SG_018493,0.415058
SG_018494,0.60631
SG_018497,0.118469
SG_018501,0.398642
SG_018503,0.542875
SG_018505,0.169217
SG_018506,0.407601
SG_018510,0.801347
SG_018511,0.256302
SG_018514,0.315898
SG_018519,0.569918
SG_018520,0.034111
SG_018524,0.424183
SG_018525,0.024873
SG_018526,0.359468
SG_018529,0.358633
SG_018531,0.470925
SG_018534,0.392076
SG_018536,0.367592
SG_018537,0.442212
SG_018543,0.93918
SG_018544,0.727338
SG_018547,0.689945
SG_018548,0.43854
SG_018549,0.686773
SG_018553,0.219075
SG_018555,0.693451
SG_018558,0.631684
SG_018566,0.212453
SG_018568,0.636136
SG_018569,0.105559
SG_018573,0.319292
SG_018576,0.547438
SG_018579,0.037783
SG_018587,0.557064
SG_018591,0.204329
SG_018594,0.449669
SG_018601,0.971955
SG_018603,0.50409
SG_018608,0.372155
SG_018611,0.584942
SG_018612,0.572144
SG_018615,0.239052
SG_018617,0.153525
SG_018621,0.808525
SG_018623,0.505258
SG_018624,0.497357
SG_018631,0.380725
SG_018636,0.271549
SG_018637,0.174559
SG_018639,0.863892
SG_018644,0.20867
SG_018645,0.878081
SG_018647,0.92883
SG_018650,0.433309
SG_018651,0.032775
SG_018662,0.932948
SG_018663,0.31089
SG_018664,0.625619
SG_018665,0.477213
SG_018670,0.952646
SG_018676,0.654944
SG_018677,0.017083
SG_018678,0.681097
SG_018680,0.146069
SG_018685,0.325858
SG_018686,0.832452
SG_018687,0.480997
SG_018688,0.626398
SG_018689,0.10912
SG_018693,0.114073
SG_018694,0.450837
SG_018697,0.063881
SG_018703,0.362417
SG_018705,0.762506
SG_018709,0.009627
SG_018710,0.999722
SG_018711,0.823048
SG_018717,0.228257
SG_018721,0.655834
SG_018722,0.359746
SG_018731,0.634856
SG_018733,0.814089
SG_018738,0.718547
SG_018744,0.682266
SG_018745,0.461521
SG_018748,0.20956
SG_018756,0.956819
SG_018758,0.630071
SG_018761,0.122865
SG_018765,0.723499
SG_018766,0.945579
SG_018767,0.09916
SG_018768,0.505648
SG_018770,0.21824
SG_018779,0.102665
SG_018787,0.559012
SG_018788,0.416393
SG_018789,0.407156
SG_018791,0.819876
SG_018792,0.377664
SG_018793,0.201992
SG_018798,0.934005
SG_018799,0.492071
SG_018800,0.538979
SG_018803,0.044739
SG_018806,0.975572
SG_018809,0.102109
SG_018811,0.445273
SG_018817,0.136887
SG_018818,0.126982
SG_018821,0.159312
SG_018822,0.190974
SG_018823,0.219854
SG_018826,0.434144
SG_018831,0.492627
SG_018834,0.083746
SG_018837,0.758778
SG_018838,0.875355
SG_018842,0.827667
SG_018843,0.884703
SG_018847,0.753881
SG_018850,0.412442
SG_018852,0.815926
SG_018853,0.335986
SG_018859,0.91631
SG_018861,0.423571
SG_018875,0.788381
SG_018883,0.390073
SG_018885,0.109732
SG_018889,0.132547
SG_018890,0.847365
SG_018894,0.576818
SG_018895,0.947582
SG_018899,0.460909
SG_018901,0.956875
SG_018902,0.484503
SG_018904,0.914752
SG_018905,0.518168
SG_018906,0.80424
SG_018907,0.418118
SG_018908,0.507707
SG_018915,0.62228
SG_018918,0.269323
SG_018920,0.78699
SG_018924,0.769573
SG_018928,0.54165
SG_018940,0.285293
SG_018941,0.456068
SG_018942,0.277725
SG_018965,0.832118
SG_018966,0.388626
SG_018968,0.107395
SG_018970,0.629347
SG_018972,0.19882
SG_018978,0.533137
SG_018981,0.186745
SG_018984,0.396472
SG_018990,0.231929
SG_019006,0.830505
SG_019012,0.459963
SG_019014,0.617773
SG_019015,0.938401
SG_019016,0.714262
SG_019018,0.889544
SG_019019,0.430082
SG_019023,0.931668
SG_019028,0.818263
SG_019030,0.41055
SG_019036,0.554783
SG_019038,0.395916
SG_019039,0.960047
SG_019041,0.630961
SG_019042,0.181737
SG_019044,0.984252
SG_019051,0.469701
SG_019053,0.495187
SG_019054,0.457181
SG_019058,0.599132
SG_019069,0.181181
SG_019071,0.030549
SG_019082,0.699961
SG_019083,0.304713
SG_019084,0.69512
SG_019087,0.160036
SG_019092,0.017806
SG_019098,0.531467
SG_019102,0.984308
SG_019105,0.558177
SG_019106,0.333816
SG_019109,0.378944
SG_019115,0.653998
SG_019117,0.442769
SG_019119,0.323855
SG_019120,0.746647
SG_019131,0.185799
SG_019142,0.953536
SG_019146,0.588281
SG_019147,0.814868
SG_019149,0.017806
SG_019150,0.124089
SG_019162,0.697513
SG_019167,0.553113
SG_019169,0.293195
SG_019171,0.162651
SG_019176,0.905181
SG_019184,0.240944
SG_019187,0.714763
SG_019190,0.137889
SG_019197,0.564576
SG_019198,0.203495
SG_019201,0.100829
SG_019203,0.922264
SG_019204,0.409716
SG_019208,0.451227
SG_019209,0.136887
SG_019211,0.069056
SG_019212,0.726504
SG_019217,0.386901
SG_019221,0.135107
SG_019222,0.913305
SG_019223,0.152969
SG_019225,0.83184
SG_019237,0.906794
SG_019244,0.75377
SG_019245,0.553169
SG_019246,0.211674
SG_019247,0.495465
SG_019248,0.193033
SG_019249,0.764955
SG_019251,0.613767
SG_019253,0.180847
SG_019254,0.141895
SG_019255,0.646208
SG_019259,0.028602
SG_019265,0.506817
SG_019266,0.668855
SG_019267,0.813143
SG_019270,0.166435
SG_019271,0.044349
SG_019272,0.619331
SG_019273,0.117968
SG_019274,0.034111
SG_019275,0.270269
SG_019276,0.046241
SG_019282,0.279283
SG_019286,0.768905
SG_019289,0.444049
SG_019295,0.923043
SG_019296,0.875911
SG_019298,0.054421
SG_019300,0.700907
SG_019302,0.83351
SG_019311,0.695287
SG_019314,0.420733
SG_019315,0.324356
SG_019316,0.611151
SG_019321,0.130711
SG_019325,0.901508
SG_019326,0.884258
SG_019328,0.235435
SG_019330,0.285349
SG_019333,0.619776
SG_019336,0.35791
SG_019339,0.31178
SG_019346,0.69128
SG_019352,0.635524
SG_019358,0.838685
SG_019362,0.987424
SG_019368,0.215291
SG_019371,0.552891
SG_019373,0.913639
SG_019374,0.758389
SG_019375,0.385566
SG_019376,0.967893
SG_019386,0.407991
SG_019388,0.649101
SG_019394,0.895498
SG_019398,0.664515
SG_019408,0.776863
SG_019411,0.098214
SG_019419,0.961382
SG_019421,0.857826
SG_019425,0.246397
SG_019427,0.227756
SG_019428,0.482778
SG_019431,0.069612
SG_019432,0.338935
SG_019433,0.34283
SG_019436,0.886372
SG_019437,0.853208
SG_019440,0.104947
SG_019442,0.502198
SG_019446,0.33593
SG_019447,0.534417
SG_019449,0.178232
SG_019452,0.259418
SG_019455,0.785376
SG_019456,0.458683
SG_019458,0.843748
SG_019466,0.258361
SG_019468,0.973624
SG_019470,0.702076
SG_019471,0.587113
SG_019473,0.18541
SG_019478,0.156808
SG_019485,0.996995
SG_019488,0.75288
SG_019489,0.708976
SG_019491,0.522675
SG_019496,0.792889
SG_019498,0.583217
SG_019510,0.942908
SG_019516,0.357409
SG_019519,0.200267
SG_019523,0.324578
SG_019527,0.39547
SG_019530,0.364532
SG_019532,0.716933
SG_019534,0.165433
SG_019540,0.795782
SG_019541,0.20917
SG_019543,0.652551
SG_019553,0.151411
SG_019558,0.37043
SG_019562,0.128318
SG_019563,0.332536
SG_019564,0.559067
SG_019567,0.428691
SG_019570,0.953147
SG_019577,0.345056
SG_019583,0.944132
SG_019585,0.788882
SG_019587,0.805186
SG_019588,0.030327
SG_019591,0.0138
SG_019593,0.171332
SG_019598,0.169106
SG_019599,0.409994
SG_019602,0.917589
SG_019609,0.494463
SG_019620,0.365478
SG_019621,0.139948
SG_019624,0.890323
SG_019625,0.545713
SG_019627,0.103945
SG_019635,0.000556
SG_019638,0.062657
SG_019639,0.099994
SG_019642,0.836236
SG_019645,0.121752
SG_019647,0.96422
SG_019648,0.072728
SG_019650,0.158533
SG_019652,0.319793
SG_019654,0.539369
SG_019657,0.813088
SG_019660,0.240777
SG_019661,0.06644
SG_019662,0.569696
SG_019665,0.45579
SG_019666,0.683824
SG_019667,0.233654
SG_019676,0.811307
SG_019679,0.890435
SG_019680,0.905681
SG_019683,0.605809
SG_019689,0.391687
SG_019690,0.332035
SG_019691,0.702465
SG_019695,0.597741
SG_019698,0.039452
SG_019710,0.221746
SG_019711,0.822603
SG_019716,0.124144
SG_019724,0.436036
SG_019727,0.922431
SG_019728,0.485393
SG_019729,0.182572
SG_019733,0.990318
SG_019738,0.641422
SG_019740,0.203328
SG_019746,0.470091
SG_019747,0.861722
SG_019750,0.033999
SG_019755,0.851149
SG_019756,0.678371
SG_019761,0.270269
SG_019764,0.252351
SG_019766,0.416393
SG_019767,0.17339
SG_019769,0.792833
SG_019779,0.130265
SG_019782,0.113628
SG_019783,0.667742
SG_019784,0.083468
SG_019791,0.28852
SG_019792,0.655501
SG_019793,0.576206
SG_019797,0.040009
SG_019800,0.869067
SG_019801,0.78226
SG_019802,0.67314
SG_019804,0.285015
SG_019807,0.94263
SG_019809,0.612042
SG_019811,0.706249
SG_019812,0.284291
SG_019819,0.071894
SG_019828,0.418007
SG_019830,0.454566
SG_019832,0.531913
SG_019835,0.441044
SG_019838,0.162261
SG_019839,0.300595
SG_019842,0.73997
SG_019846,0.787825
SG_019849,0.001057
SG_019851,0.973958
SG_019852,0.384787
SG_019853,0.40749
SG_019854,0.747872
SG_019857,0.917256
SG_019858,0.944744
SG_019859,0.547326
SG_019864,0.866563
SG_019865,0.306104
SG_019868,0.458628
SG_019869,0.949419
SG_019873,0.357632
SG_019878,0.384954
SG_019883,0.943576
SG_019887,0.190418
SG_019888,0.578599
SG_019895,0.299149
SG_019900,0.070391
SG_019903,0.051694
SG_019906,0.560347
SG_019909,0.440265
SG_019910,0.442602
SG_019913,0.925102
SG_019914,0.363808
SG_019921,0.3174
SG_019923,0.818875
SG_019928,0.961327
SG_019930,0.962551
SG_019933,0.456903
SG_019939,0.117467
SG_019941,0.895721
SG_019944,0.317512
SG_019945,0.531412
SG_019947,0.328863
SG_019949,0.882366
SG_019950,0.540092
SG_019954,0.362028
SG_019955,0.759947
SG_019960,0.431862
SG_019961,0.672027
SG_019966,0.869512
SG_019968,0.798954
SG_019970,0.506983
SG_019973,0.62701
SG_019974,0.411385
SG_019976,0.639252
SG_019978,0.384008
SG_019980,0.181904
SG_019981,0.134773
SG_019983,0.736464
SG_019984,0.878248
SG_019985,0.48595
SG_019989,0.549496
SG_019994,0.478159
SG_019998,0.212008
SG_019999,0.647154
SG_020000,0.598854
